"Authors","Author full names","Author(s) ID","Title","Year","Source title","Volume","Issue","Art. No.","Page start","Page end","Page count","Cited by","DOI","Link","Affiliations","Authors with affiliations","Abstract","Author Keywords","Index Keywords","Correspondence Address","Editors","Publisher","ISSN","ISBN","CODEN","PubMed ID","Language of Original Document","Abbreviated Source Title","Document Type","Publication Stage","Open Access","Source","EID"
"Márquez Carrasco, C.","Márquez Carrasco, Carmen (59953820700)","59953820700","The Interaction Between Businesses, Human Rights, and Sustainability in Outer Space: towards a Comprehensive Regulatory Framework?; La interacción entre empresas, derechos humanos y sostenibilidad en el espacio ultraterrestre: ¿Hacia un marco regulatorio integral?","2025","Anuario Espanol de derecho Internacional","41","","","53","96","0","0","10.15581/010.41.53-96","https://www.scopus.com/inward/record.uri?eid=2-s2.0-105008532356&doi=10.15581%2F010.41.53-96&partnerID=40&md5=a96e261c6fbad35b87f90fc027966e50","Universidad de Sevilla, Sevilla, Spain","Márquez Carrasco, Carmen, Universidad de Sevilla, Sevilla, Spain","The article titled The Interaction Between Businesses, Human Rights, and Sustainability in Outer Space examines how the rise of New Space and the New Space Economy have transformed this domain, highlighting the growing prominence of private actors in activities such as space tourism, satellite constellations, and asteroid mining. While these initiatives promise economic and scientific benefits, they also pose significant ethical, legal, environmental, and human rights challenges, exacerbated by regulatory gaps in the international legal framework of Old Space. The article aims to assess the limitations of the existing space law in addressing these business activities and to explore the integration of contemporary international business and human rights standards, such as the UN Guiding Principles on Business and Human Rights and Directive (EU) 2024/1760 on corporate sustainability due diligence, into the space context. The methodology adopts an interdisciplinary approach, combining international legal analysis with human rights and sustainability perspectives. Existing regulatory frameworks are reviewed, and their implications for critical areas are examined. The findings highlight the need for robust multilateral regulation to address the challenges of New Space, ensuring the sustainable governance of shared outer space resources while balancing economic development, human rights, and environmental protection. In doing so, the article contributes to the global discussion on the future of space law and the interaction between businesses and sustainability in outer space. © 2025 Elsevier B.V., All rights reserved.","business and human rights; csddd; international law; outer space; private actors; sustainability; UN Guiding Principles","","C. Márquez Carrasco; Universidad de Sevilla, Spain; email: cmarque@us.es","","Servicio de Publicaciones de la Universidad de Navarra","21733775; 2254660X","","","","Spanish","Anu. esp. derecho int.","Article","Final","All Open Access; Gold Open Access","Scopus","2-s2.0-105008532356"
"Le Roy, B.; Martin-Krumm, C.; Beauchamps, V.; Jimenez, A.; Giaume, L.; Jacob, S.; Voilque, A.; Ferhani, O.; Altena, E.; Trousselard, M.","Le Roy, Barbara (58083366200); Martin-Krumm, Charles P. (8264498100); Beauchamps, Vincent (57208834205); Jimenez, Adrien (59757579000); Giaume, Louise (57222475434); Jacob, Sandrine (57221050062); Voilque, Aude (59756675100); Ferhani, Ouamar (6508133707); Altena, Ellemarije (24775282000); Trousselard, Marion (15752129700)","58083366200; 8264498100; 57208834205; 59757579000; 57222475434; 57221050062; 59756675100; 6508133707; 24775282000; 15752129700","Effects of repeated gravity changes during parabolic flight: Evidence of the need to assist space tourists to outer space","2025","PLOS ONE","20","4 April","e0320588","","","0","1","10.1371/journal.pone.0320588","https://www.scopus.com/inward/record.uri?eid=2-s2.0-105003758654&doi=10.1371%2Fjournal.pone.0320588&partnerID=40&md5=2650af62e6fafc6dc567af773e6f158c","Neurophysiology of Stress, Institut de recherche biomédicale des armées, Bretigny-sur-Orge, France; CNES Centre National d'Etudes Spatiales, Paris, France; Université de Lorraine, Nancy, France; Fatigue and Vigilance Unit, Institut de recherche biomédicale des armées, Bretigny-sur-Orge, France; AGM1, Paris, France; Digital Innovation and Artificial Intelligence Department, Institut de recherche biomédicale des armées, Bretigny-sur-Orge, France; Université de Bordeaux, Bordeaux, France; French Military Health Service Academy, Paris, France","Le Roy, Barbara, Neurophysiology of Stress, Institut de recherche biomédicale des armées, Bretigny-sur-Orge, France, CNES Centre National d'Etudes Spatiales, Paris, France, Université de Lorraine, Nancy, France; Martin-Krumm, Charles P., Neurophysiology of Stress, Institut de recherche biomédicale des armées, Bretigny-sur-Orge, France, CNES Centre National d'Etudes Spatiales, Paris, France, Université de Lorraine, Nancy, France; Beauchamps, Vincent, Fatigue and Vigilance Unit, Institut de recherche biomédicale des armées, Bretigny-sur-Orge, France; Jimenez, Adrien, Neurophysiology of Stress, Institut de recherche biomédicale des armées, Bretigny-sur-Orge, France; Giaume, Louise, Neurophysiology of Stress, Institut de recherche biomédicale des armées, Bretigny-sur-Orge, France, AGM1, Paris, France; Jacob, Sandrine, Neurophysiology of Stress, Institut de recherche biomédicale des armées, Bretigny-sur-Orge, France; Voilque, Aude, Neurophysiology of Stress, Institut de recherche biomédicale des armées, Bretigny-sur-Orge, France; Ferhani, Ouamar, Digital Innovation and Artificial Intelligence Department, Institut de recherche biomédicale des armées, Bretigny-sur-Orge, France; Altena, Ellemarije, Université de Bordeaux, Bordeaux, France; Trousselard, Marion, Neurophysiology of Stress, Institut de recherche biomédicale des armées, Bretigny-sur-Orge, France, CNES Centre National d'Etudes Spatiales, Paris, France, Université de Lorraine, Nancy, France, French Military Health Service Academy, Paris, France","In the era of space tourism, walking in the steps of Neil Armstrong has never been more real. Future space tourists will have to face the harshness of the environment, especially the travel, and adapt quickly for their own safety. This issue raises both the question of preparation and the impact of such a journey on novice populations who have not been selected for their physical and cognitive abilities. The objectives of the study are (1) to investigate the impact of space travel on psychophysiological and sensory responses during a parabolic flight experience; (2) to assess recovery from this experience one week later; and (3) to evaluate the relevance of high parasympathetic functioning at baseline as a biomarker of adaptation. Seventeen healthy participants were enrolled in the 79th ESA Parabolic Flight Campaign on board the Airbus A310. Psychological, physiological, and sensory responses were measured at different times from the day before the 3h-flight (baseline) to one week after the flight (recovery). Labels were allocated to two groups according to their parasympathetic functioning at baseline: high parasympathetic (HP) profile and low parasympathetic (LP) profile. At the psychological level, those with an HP profile have a higher coping acceptation and a higher level of interoceptive awareness than the LP profile, except for sleep quality. At the physiological and exteroceptive level, they have a higher heart rate variability, preserved identification of odors and a predisposition to a more adaptive postural response postflight. Nevertheless, postural stability is affected in both profiles, particularly during visual deprivation, while their heart rate variability is increased in both linear and non-linear components. Nevertheless, our results reveal that the recovery constitutes a critical period. Flyers have a decrease of interoceptive awareness and emotions, especially the HP profile. Although the LP profile reported a better subjective sleep quality, both profiles decreased their sleep quality. These results raise the question of the risks that may be induced by space tourism. They highlight two major outcomes: (1) travel of future space tourists does not seem to be at risk as long as the individuals are qualified and fit for the flight and adaptation may be improved by targeting parasympathetic functioning; (2) level of experience has no impact on the psychophysiological and sensory responses. The results highlight the need to monitor the crews over several days and/or to include in the preparation a module allowing them to be prepared for the postflight period and the return to life on Earth. Beyond this, these results contribute to enriching our knowledge of the human challenge of confronting space travel constraints. © 2025 Elsevier B.V., All rights reserved.","","adaptation; adult; Article; awareness; body height; body weight; circadian rhythm; coping; dizziness; emotion; female; flight; gravity; hearing impairment; heart rate; heart rate variability; human; human experiment; male; medical history; nausea; normal human; parabolic flight; physical activity; physician; questionnaire; sleep quality; sociodemographics; space; space tourist; tourism; vertigo; physiological adaptation; physiology; space flight; young adult; Adaptation, Physiological; Adult; Female; Gravitation; Heart Rate; Humans; Male; Space Flight; Young Adult","B. Le Roy; Stress Neurophysiology Unit, French Armed Forces Biomedical Research Institute, Brétigny-sur-Orge, France; email: barbara.m.le.roy@gmail.com","","Public Library of Science","19326203","","POLNC","40267028","English","PLoS ONE","Article","Final","All Open Access; Gold Open Access; Green Accepted Open Access; Green Open Access","Scopus","2-s2.0-105003758654"
"Goehlich, R.A.; Bebenroth, R.","Goehlich, Robert A. (6507765804); Bebenroth, Ralf (16023929000)","6507765804; 16023929000","Pilots’ desire to become future space tourism pilots: Polynomial regression using response surface analysis","2025","Transport Policy","162","","","509","520","0","1","10.1016/j.tranpol.2024.10.032","https://www.scopus.com/inward/record.uri?eid=2-s2.0-85214081480&doi=10.1016%2Fj.tranpol.2024.10.032&partnerID=40&md5=24d8b651b6d81667ad6fbb5d90b1a6e2","Embry-Riddle Aeronautical University, Daytona Beach, United States; Kobe University, Kobe, Japan","Goehlich, Robert A., Embry-Riddle Aeronautical University, Daytona Beach, United States; Bebenroth, Ralf, Kobe University, Kobe, Japan","In this study, we investigated the impact of pilots’ motivation on their desire to be space tourism pilots or to remain in their current occupation (adherence). We analyzed the feedback obtained from a survey questionnaire on a sample consisting of 106 pilots with flying experience. In particular, we compared the pilots’ intrinsic and extrinsic motivations to investigate two outcomes: the desire to become future space pilots or to remain as air pilots. Applying the self-determination theory, we found that intrinsic motivation mattered more than extrinsic motivation. Furthermore, by applying response surface analysis as our statistical tool, it was revealed that motivation for the desire to be space pilots differed from that for adherence. To be more precise, motivation (intrinsic and extrinsic) correlated positively with desire to become space pilots, with higher motivation being associated with a steeper increase. In contrast, motivation correlated negatively with adherence (maintaining status quo). Moreover, pilots who experienced mid-level motivation preferred to stay at their “old” profession while highly motivated pilots were less hesitant to become space pilots. Further, we discovered that for desire a linear effect of motivation was predominant, while for adherence a quadratic effect of motivation was more pronounced. The policy and managerial implications of the results are discussed. © 2025 Elsevier B.V., All rights reserved.","Adherence; Airline pilot; Desire; Extrinsic motivation; Intrinsic motivation; Response surface analysis; Space tourism pilot; Spaceline","Leisure; Tourism; Adherence; Airline pilots; Desire; Extrinsic motivation; Intrinsic motivation; Polynomial regression; Response surface analysis; Space tourism pilot; Space tourisms; Spaceline; airline industry; future prospect; occupation; regression analysis; response surface methodology; tourism","R.A. Goehlich; Embry-Riddle Aeronautical University, Worldwide, Frankfurt, Europe Campus, Bessie-Coleman-Str. 7, 60549, Germany; email: robert.goehlich@erau.edu","","Elsevier Ltd","0967070X; 1879310X","9781612095158","","","English","Transp. Policy","Article","Final","","Scopus","2-s2.0-85214081480"
"Hvenegaard, G.T.; Banack, C.S.","Hvenegaard, Glen T. (6507844016); Banack, Clark S. (56386266400)","6507844016; 56386266400","Visitor outcomes from dark sky tourism: a case study of the Jasper Dark Sky Festival","2025","Journal of Ecotourism","24","1","","75","84","0","2","10.1080/14724049.2024.2320698","https://www.scopus.com/inward/record.uri?eid=2-s2.0-86000428664&doi=10.1080%2F14724049.2024.2320698&partnerID=40&md5=f43f42044502ac03ecf17c772fb3699d","University of Alberta–Augustana, Camrose, Canada","Hvenegaard, Glen T., University of Alberta–Augustana, Camrose, Canada; Banack, Clark S., University of Alberta–Augustana, Camrose, Canada","Dark sky tourism is a growing, but under-studied sector of ecotourism. While some research has examined the economic impacts, regional sustainability, and management of dark sky tourism, researchers know little about tourist experiences and outcomes. This study seeks to determine visitor outcomes (satisfaction, learning, attitudes, and behavior changes) among participants at the Jasper Dark Sky Festival in Alberta, Canada. Visitors were middle-aged, balanced between genders, traveled an average of 430 km, and were primarily urban-based. Most were first-time visitors, were present 2 or more days, and attended over 5 festival events. Respondents reported high satisfaction levels, due to the low cost and diversity of events, and welcoming nature of the community, presenters, and volunteers. Respondents reported many areas of learning, particularly about the night sky and night animals. Respondents had very positive attitudes about protecting dark skies, but only 42% planned to change any behaviors to protect dark skies. Study results will help festival organizers design dark sky tourism events to optimize visitor outcomes. In particular, festival organizers can address some barriers to behavioral change, such as stressing the value of dark skies and providing information about how to reduce light pollution. © 2025 Elsevier B.V., All rights reserved.","Dark sky tourism; experiences; festivals; Jasper; outcomes; visitors","","G.T. Hvenegaard; University of Alberta–Augustana, Camrose, Canada; email: gth@ualberta.ca","","Routledge","14724049; 17477638","","","","English","J. Ecotour.","Note","Final","","Scopus","2-s2.0-86000428664"
"Spector, S.; Higham, J.","Spector, Samuel (55233532200); Higham, J. E.S. (7004174711)","55233532200; 7004174711","Space tourism and sustainable trajectory","2025","Tourism Geographies","","","","","","0","1","10.1080/14616688.2025.2525815","https://www.scopus.com/inward/record.uri?eid=2-s2.0-105010440293&doi=10.1080%2F14616688.2025.2525815&partnerID=40&md5=92c8b37bbf23190a03098109e3e876f4","KIMEP University, Almaty, Kazakhstan; Department of Tourism, Griffith University, Brisbane, Australia","Spector, Samuel, KIMEP University, Almaty, Kazakhstan; Higham, J. E.S., Department of Tourism, Griffith University, Brisbane, Australia","The commercial spaceflight industry is progressing rapidly. Yet, there is a lack of research theorising what the spatio-temporal contours of sustainability look like if the biosphere, along with its finite resources and limited ability to sustain continued population growth, constitutes a boundary that can be readily transcended. Informed by the concept of sustainable trajectory, this paper presents a conceptual model that extends the traditional spatial (e.g. national, global) and temporal (e.g. near future, intergenerational) scales that sustainability discourses in geography are typically predicated upon. We conducted a critical narrative literature review to analyse the implications of space tourism in the context of sustainable trajectory. Our analysis highlights deep tensions between the perspectives of sustainability typically promulgated in academic spheres and the path dependencies currently being formed by private spaceflight companies. © 2025 Elsevier B.V., All rights reserved.","commercial spaceflight; intersectional justice; Maartje Roelofsen, Wageningen University & Research, the Netherlands; orbital debris; Space tourism; space travel; sustainability; sustainable trajectory","","S. Spector; Bang College of Business, KIMEP University, Almaty, Kazakhstan; email: s.spector@kimep.kz","","Routledge","14616688; 14701340","","","","English","Tour. Geogr.","Article","aip","","Scopus","2-s2.0-105010440293"
"Davydova, A.S.","Davydova, Alyona S. (59978802200)","59978802200","TOURIST PERCEPTIONS, BELIEFS, AND EVALUATIONS OF THE ARCTIC: A CASE STUDY OF THE MURMANSK REGION; ИМИДЖ АРКТИЧЕСКОЙ ТЕРРИТОРИИ В ПРЕДСТАВЛЕНИЯХ, МНЕНИЯХ И ОЦЕНКАХ ТУРИСТОВ (НА ПРИМЕРЕ МУРМАНСКОЙ ОБЛАСТИ)","2025","Sever i Rynok: Formirovanie Ekonomiceskogo Poradka","28","2","","164","183","0","0","10.37614/2220-802X.2.2025.88.011","https://www.scopus.com/inward/record.uri?eid=2-s2.0-105009880074&doi=10.37614%2F2220-802X.2.2025.88.011&partnerID=40&md5=024fe764cc1c1d1c9a511b4ef92aa461","Barents Centre of the Humanities Kola Science Centre of the Russian Academy of Sciences, Apatity, Russian Federation","Davydova, Alyona S., Barents Centre of the Humanities Kola Science Centre of the Russian Academy of Sciences, Apatity, Russian Federation","The Murmansk Region, located on the Kola Peninsula in the Arctic, is actively developing as a tourist destination. However, many aspects related to the marketing and representation of its cultural and natural heritage remain underexplored. The purpose of this article is to examine the image of the Murmansk Region as perceived through tourists’ beliefs, opinions, and evaluations of Arctic-specific attributes — factors that can play a decisive role in destination choice. The study is based on data from a sociological survey conducted in the city of Kirovsk, one of the region’s major tourist hubs. The survey results indicate that, for most tourists, the defining feature of the Arctic is its natural environment and associated phenomena. Visitors tend to envision the Arctic as a landscape of harsh climatic conditions — a place to test one’s endurance and spirit. This pursuit of novel experiences is often shaped by prior knowledge and cultural narratives about the Arctic, particularly those involving human confrontation with nature and the conquest of the North. The immersive experience created by the interplay between natural landscapes and cultural elements — including the traditions of local communities and Indigenous peoples — contributes to the formation of a distinctive image of the Murmansk Region within the broader Arctic context. The study’s theoretical contribution lies in providing empirical data that supports an expanded typology of Arctic tourism, incorporating forms such as indigenous ecotourism (involving participation of the indigenous population in ecotourism activities) and dark sky tourism (travel to low-light-pollution areas for observing celestial objects and phenomena). The findings may be of practical interest to policymakers involved in tourism development in the Arctic, as well as to tourism industry stakeholders. Future research should focus on analyzing tourist experiences across various parts of the Murmansk Region and on identifying risks associated with increasing visitor numbers. © 2025 Elsevier B.V., All rights reserved.","Arctic; destination image; Murmansk Region; tourist experience; tourist perceptions","","A.S. Davydova; Barents Centre of the Humanities of the Kola Science Center, Apatity, Russian Federation; email: a.davidova@ksc.ru","","Kola Science Centre of the Russian Academy of Sciences","2220802X","","","","Russian","Sev. Rynok. Form. Ekon. Porad.","Article","Final","All Open Access; Gold Open Access","Scopus","2-s2.0-105009880074"
"Khan, G.A.; Bashir, I.; Alshiha, A.A.; Alnasser, E.M.; Alkhozaim, S.M.; Alshiha, F.A.","Khan, Gohar Abbas (59967950500); Bashir, Irfan (56699756500); Alshiha, Ahmed Abdulaziz (57416834100); Alnasser, Emad Mohammed (59222461700); Alkhozaim, Sultan Mohammed (59221482900); Alshiha, Fatimah Abdulaziz (59091586700)","59967950500; 56699756500; 57416834100; 59222461700; 59221482900; 59091586700","Balancing thrill, risk and sustainability: an optimal arousal perspective on space tourism intentions","2025","Journal of Tourism Futures","","","","","","0","1","10.1108/JTF-03-2025-0073","https://www.scopus.com/inward/record.uri?eid=2-s2.0-105009386164&doi=10.1108%2FJTF-03-2025-0073&partnerID=40&md5=7f1c718f2ce0707290733ab24b2dcd0f","Department of Management Studies, Islamic University of Science and Technology, Awantipora, India; Department of Tourism and Hotel Management, King Saud University, Riyadh, Saudi Arabia; Management Department, College of Business Administration, Riyadh, Saudi Arabia","Khan, Gohar Abbas, Department of Management Studies, Islamic University of Science and Technology, Awantipora, India; Bashir, Irfan, Department of Management Studies, Islamic University of Science and Technology, Awantipora, India; Alshiha, Ahmed Abdulaziz, Department of Tourism and Hotel Management, King Saud University, Riyadh, Saudi Arabia; Alnasser, Emad Mohammed, Department of Tourism and Hotel Management, King Saud University, Riyadh, Saudi Arabia; Alkhozaim, Sultan Mohammed, Department of Tourism and Hotel Management, King Saud University, Riyadh, Saudi Arabia; Alshiha, Fatimah Abdulaziz, Management Department, College of Business Administration, Riyadh, Saudi Arabia","Purpose: This study explores the psychological motivations behind space tourism participation, specifically through the lens of optimal arousal theory. It examines how novelty seeking, sensation seeking and adventure seeking shape attitudes toward space tourism and ultimately influence behavioral intentions. Additionally, it evaluates how perceived risk and environmental concerns moderate these relationships, providing a comprehensive understanding of the decision-making process in this high-stimulation travel sector. Design/methodology/approach: The study adopts a cross-sectional research design, collecting data from 511 luxury tourists who had stayed in eleven five- and seven-star hotels in Riyadh, Saudi Arabia. Data analysis was conducted using SPSS for descriptive statistics and SMART-PLS for structural equation modeling (SEM) to test the hypothesized relationships. Findings: The results highlight distinct patterns among psychological motivations: novelty seekers and adventure seekers remain motivated to engage in space tourism regardless of perceived risk. The results show that sensation seekers, however, exhibit a decline in interest when they perceive high levels of risk, indicating a threshold beyond which risk becomes a deterrent rather than a stimulant. Further, environmental awareness significantly reduces space tourism intentions, reflecting a trade-off between the desire for unique travel experiences and concerns about sustainability. Moreover, attitude plays a partial mediating role between motivations and behavioral intentions, reinforcing the idea that positive attitudes are crucial for translating high-arousal motivations into actual intent to participate in space tourism. Practical implications: Space tourism providers should tailor marketing to distinct consumer profiles. Campaigns should emphasize excitement, exclusivity and transformation while addressing sustainability concerns through carbon offsets and eco-friendly innovations. Clear safety assurances can retain sensation seekers who may disengage at high risk levels. Segmented strategies should differentiate novelty/adventure seekers, drawn to space travel’s uniqueness, from sensation seekers needing a balance of risk and excitement. Addressing these factors can enhance engagement, refine marketing and support sustainable industry growth. Originality/value: This study provides a unique integration of optimal arousal theory with sustainability concerns, offering a multidimensional perspective on consumer motivations in space tourism. By investigating the dual moderating effects of perceived risk and environmental awareness, it contributes novel insights into how psychological drivers interact with ethical constraints in decision-making. These findings fill a critical gap in the literature, positioning space tourism as an emerging yet complex sector where thrill-seeking aspirations must be balanced with risk and sustainability considerations. © 2025 Elsevier B.V., All rights reserved.","Adventure seeking; Attitude; Environmental consciousness; Novelty seeking; Perceived risk; Space tourism","","G.A. Khan; Department of Management Studies, School of Business Studies, Islamic University of Science and Technology, Awantipora, India; email: khangowher@gmail.com","","Emerald Publishing","2055592X; 20555911","","","","English","J. Tour. Futur.","Article","aip","All Open Access; Gold Open Access","Scopus","2-s2.0-105009386164"
"Zhang, Y.; Cui, L.","Zhang, Yunzhen (57841915900); Cui, Lingshu (59929935200)","57841915900; 59929935200","Tourists’ Motivations for Visiting Dark Sky Sites: An Exploratory Study in China","2025","Tourism Analysis","30","2","","257","263","0","0","10.3727/108354224X17209729214485","https://www.scopus.com/inward/record.uri?eid=2-s2.0-105007351903&doi=10.3727%2F108354224X17209729214485&partnerID=40&md5=134fe1bf6e376242458b9f3a3d5d54f2","Department of Tourism, University of Otago, Dunedin, New Zealand; Shanghai Institute of Tourism, Shanghai, China","Zhang, Yunzhen, Department of Tourism, University of Otago, Dunedin, New Zealand; Cui, Lingshu, Shanghai Institute of Tourism, Shanghai, China","Dark sky tourism as a form of niche tourism is gaining popularity worldwide. However, empirical research examining what motivates tourists to seek out this type of experience is lacking. This research note contributes to bridging this knowledge gap by employing push–pull theory to explore tourists’ motivations for visiting dark sky sites. Adopting a qualitative netnographic approach, Chinese tourists’ perspectives were explored through 22 semistructured interviews. Eleven thematic factors were extracted and mapped within a refined push and pull motivation framework. The findings show how push and pull factors motivate both first-time and repeat visitors to gain dark sky experiences. © 2025 Elsevier B.V., All rights reserved.","Chinese tourists; Dark sky sites; Dark sky tourism; Motivations; pull factors; Push","","L. Cui; Shanghai Institute of Tourism, Shanghai, China; email: cuilingshu2014@163.com","","Cognizant Communication Corporation","19433999; 10835423","","","","English","Tour. Anal.","Article","Final","","Scopus","2-s2.0-105007351903"
"Huang, Z.; Peng, K.-L.; Wang, Y.; Qiu, H.","Huang, Zhilun (59902986400); Peng, Kang Lin (26646880800); Wang, Ya (59902405600); Qiu, Hanqin (57764078400)","59902986400; 26646880800; 59902405600; 57764078400","Beyond Earth: Comparing Rational and Behavioral Mediators in Space Tourism Intentions","2025","Journal of Quality Assurance in Hospitality and Tourism","","","","","","0","3","10.1080/1528008X.2025.2504448","https://www.scopus.com/inward/record.uri?eid=2-s2.0-105005410471&doi=10.1080%2F1528008X.2025.2504448&partnerID=40&md5=9453d021fee8968f5cdf7ea83db9b331","Faculty of International Tourism and Management, City University of Macau, Taipa, Macao; College of Digital Economics, Nanning University, Nanning, China; International School of Cultural Tourism, Hangzhou City University, Hangzhou, China","Huang, Zhilun, Faculty of International Tourism and Management, City University of Macau, Taipa, Macao; Peng, Kang Lin, Faculty of International Tourism and Management, City University of Macau, Taipa, Macao; Wang, Ya, College of Digital Economics, Nanning University, Nanning, China; Qiu, Hanqin, International School of Cultural Tourism, Hangzhou City University, Hangzhou, China","This study examines the influence of space museum visitation on space tourism intention through the mediating roles of rational and behavioral consumption factors. Participants comprised prospective space tourists recruited from space museum visitors, with a multi-study approach comparing rational and behavioral mediation pathways. Findings indicate that museum visits significantly amplify behavior intention toward space tourism. Mediation analyses identified distinct effect sizes for rational and behavioral components, highlighting divergent perceptions of space tourism as a rational or emotional choice. This multiple studies also provide actionable strategies for museums to foster engagement in nascent tourism sectors. © 2025 Elsevier B.V., All rights reserved.","behavioral economics; experience economy; rational consumption; space museum; space technology; Space tourism","","K.-L. Peng; Faculty of International Tourism and Management, City University of Macau, Macao; email: klpeng@cityu.edu.mo","","Routledge","1528008X","","","","English","J. Qual. Assur. Hosp. Tour.","Article","aip","","Scopus","2-s2.0-105005410471"
"Nguyen, M.-H.; Duong, M.-P.T.; Tran, T.T.; Sari, N.P.W.P.; Tedjasuksmana, H.; La, V.-P.; Vuong, Q.-H.","Nguyen, Minh Hoang (57205713877); Duong, Minh Phuong Thi (58554469300); Tran, Thanh Tu (59728722700); Sari, Ni Putu Wulan Purnama (57203529996); Tedjasuksmana, Hendra (59727556200); La, Viet Phuong (57204013022); Vuong, Quan Hoang (45161334600)","57205713877; 58554469300; 59728722700; 57203529996; 59727556200; 57204013022; 45161334600","Beyond trust: how usefulness and immersiveness drive space tourism intentions in high-risk contexts","2025","Current Issues in Tourism","","","","","","0","2","10.1080/13683500.2025.2487634","https://www.scopus.com/inward/record.uri?eid=2-s2.0-105002145770&doi=10.1080%2F13683500.2025.2487634&partnerID=40&md5=8eebb80be4dbd3bd162b09053a038f51","Centre for Interdisciplinary Social Research, Phenikaa University, Hanoi, Viet Nam; Faculty of Social Sciences and Humanities, Ton-Duc-Thang University, Ho Chi Minh City, Viet Nam; Department of Food and Resource Economics, Københavns Universitet, Copenhagen, Denmark; Faculty of Nursing, Widya Mandala Surabaya Catholic University, Surabaya, Indonesia; Faculty of Teacher Education, Widya Mandala Surabaya Catholic University, Surabaya, Indonesia","Nguyen, Minh Hoang, Centre for Interdisciplinary Social Research, Phenikaa University, Hanoi, Viet Nam; Duong, Minh Phuong Thi, Faculty of Social Sciences and Humanities, Ton-Duc-Thang University, Ho Chi Minh City, Viet Nam; Tran, Thanh Tu, Department of Food and Resource Economics, Københavns Universitet, Copenhagen, Denmark; Sari, Ni Putu Wulan Purnama, Faculty of Nursing, Widya Mandala Surabaya Catholic University, Surabaya, Indonesia; Tedjasuksmana, Hendra, Faculty of Teacher Education, Widya Mandala Surabaya Catholic University, Surabaya, Indonesia; La, Viet Phuong, Centre for Interdisciplinary Social Research, Phenikaa University, Hanoi, Viet Nam; Vuong, Quan Hoang, Centre for Interdisciplinary Social Research, Phenikaa University, Hanoi, Viet Nam","The rapidly evolving space tourism industry faces significant challenges in building consumer trust and balancing emotional appeal with factual accuracy–both essential for reducing uncertainty and fostering long-term public engagement in this high-risk sector. This study examines the key factors shaping individuals’ intentions to participate in space tourism, with a focus on their perceived trustworthiness, usefulness, and immersiveness of information on social media. Applying Granular Interaction Thinking Theory (GITT), we explore the interplay between trust evaluation and subjective cost-benefit judgment of individuals in the high-risk tourism context. The findings reveal that while trustworthiness positively influences participation intention, its role diminishes when usefulness and immersiveness are particularly strong. This suggests that space tourists, who are naturally inclined toward risk-taking, prioritise experiential rewards–such as novelty, prestige, and emotional engagement–over concerns about information reliability. These insights offer practical implications for marketing in high-risk industries, highlighting the importance of immersive storytelling, exclusivity, and transformative experiences over conventional trust-building measures. Future research should investigate how personal risk tolerance, prior experience, and cognitive biases shape thought processes, decision-making, and behaviours in extreme tourism contexts. © 2025 Elsevier B.V., All rights reserved.","Granular Interaction Thinking Theory (GITT); high-risk industries; immersiveness; Space tourism; trustworthiness; usefulness","","M.-P.T. Duong; Faculty of Social Sciences and Humanities, Ton Duc Thang University, Ho Chi Minh City, Viet Nam; email: duongthiminhphuong@tdtu.edu.vn","","Routledge","13683500","","","","English","Curr. Issues Tour.","Article","aip","","Scopus","2-s2.0-105002145770"
"Kumar, M.; Thakur, S.","Kumar, Manish (59926150700); Thakur, Sanjay (59926121000)","59926150700; 59926121000","Culinary horizons: Exploring space food in the era of space tourism","2024","","","","","137","153","0","0","10.4018/979-8-3693-7096-4.ch007","https://www.scopus.com/inward/record.uri?eid=2-s2.0-105007128810&doi=10.4018%2F979-8-3693-7096-4.ch007&partnerID=40&md5=dd047c29e7961f563a24d1dc981e6679","Chandigarh University, Mohali, India","Kumar, Manish, Chandigarh University, Mohali, India; Thakur, Sanjay, Chandigarh University, Mohali, India","As humanity advances into space exploration and tourism, space food plays a crucial role in ensuring the well-being of astronauts and tourists. This chapter examines the evolution, technology, and cultural aspects of space food, highlighting its importance in the context of long-term space habitation and space tourism. It begins with a historical overview of space food, detailing the challenges and milestones in its development from early missions to contemporary advancements. The chapter then explores current innovations in space food technology, including nutritional considerations, food preservation and packaging, 3D printing, and sustainability. Cultural and psychological aspects are also addressed, emphasising the significance of familiar foods for astronauts and the potential for unique culinary experiences in space tourism. Looking forward, the chapter discusses the future of space food, focussing on space agriculture, food sustainability for missions to Mars and beyond, and the broader implications of space food innovations on Earth. © 2025 Elsevier B.V., All rights reserved.","","Breadmaking; Canning; Food chemistry; Food microbiology; Food preservatives; Food security; Food storage; Food supply; Food waste; Meats; Nutrients; Space research; 'current; 3-D printing; 3D-printing; Cultural aspects; Evolution technology; Space explorations; Space foods; Space habitation; Space tourisms; Well being; Food preservation","","","IGI Global","","9798369370988; 9798369370964","","","English","Glob. sustain. pract. in gastron. tour.","Book chapter","Final","","Scopus","2-s2.0-105007128810"
"Congden, S.W.; Bertels, H.M.J.; Desplaces, D.; Drew, T.","Congden, Steven W. (6508345023); Bertels, Heidi M.J. (36665696400); Desplaces, David E. (17433848000); Drew, Todd (59246286400)","6508345023; 36665696400; 17433848000; 59246286400","Space tourism: an industry with a future?","2024","CASE Journal","20","6","","1476","1503","0","2","10.1108/TCJ-05-2023-0114","https://www.scopus.com/inward/record.uri?eid=2-s2.0-85200332074&doi=10.1108%2FTCJ-05-2023-0114&partnerID=40&md5=6c6f093e9f250ae6ffb6f1ea9246fd1f","Department of Management, University of Hartford, West Hartford, United States; School of Business, College of Staten Island, New York, United States; Department of Management and Entrepreneurship, The Citadel - The Military College of South Carolina, Charleston, United States","Congden, Steven W., Department of Management, University of Hartford, West Hartford, United States; Bertels, Heidi M.J., School of Business, College of Staten Island, New York, United States; Desplaces, David E., Department of Management and Entrepreneurship, The Citadel - The Military College of South Carolina, Charleston, United States; Drew, Todd, Department of Management and Entrepreneurship, The Citadel - The Military College of South Carolina, Charleston, United States","Research methodology: The case is derived from secondary sources, including publicly available reports and information about all companies directly or indirectly engaged in the industry. No primary sources were available. Case overview/synopsis: This teaching case is designed for students to demonstrate their mastery of industry-level analysis in the emerging space tourism industry. It allows students to understand what constitutes the industry within the broader space sector and to apply analytical tools such as PESTEL and Porter’s Five Forces, with the option to discuss strategic groups. Students gain insights into how the industry is evolving within its broader environment and how companies could respond or differentiate themselves. Information is also provided for students to consider the broader social impact of a relatively new industry from the perspective of sustainable development. Complexity academic level: The case is written for undergraduate and graduate students enrolled in strategic management courses. The case placement is ideally in conjunction with industry-level analytical frameworks such as Porter’s Five Forces, PESTEL analysis, strategic groups (optional) and industry life cycle. Most strategic management textbooks cover these concepts in the first few chapters. For example, “Strategic Management, 14th edition” by Hill, Schilling and Jones (2023) covers these topics in chapter 2. Given that space tourism is an embryonic industry dependent on technological innovation, instructors might also use this case in innovation or entrepreneurship-related courses. This case could also be used to address critical issues, such as sustainability, in tourism management courses. © 2024 Elsevier B.V., All rights reserved.","Emerging industry; Five forces; PESTEL analysis; Space tourism","","S.W. Congden; Department of Management, Marketing, and Entrepreneurship, University of Hartford, W. Hartford, United States; email: congden@hartford.edu","","Emerald Publishing","15449106","","","","English","CASE J.","Article","Final","","Scopus","2-s2.0-85200332074"
"Milanov, A.","Milanov, Aleksandar (57208440612)","57208440612","International Legal Regulation and Management of Space Waste on Celestial Bodies","2024","Journal of Ecohumanism","3","4","","3177","3185","0","0","10.62754/joe.v3i4.3837","https://www.scopus.com/inward/record.uri?eid=2-s2.0-85203048946&doi=10.62754%2Fjoe.v3i4.3837&partnerID=40&md5=c630235f2e72abe5f2867aeee9bd21db","O.P. Jindal Global University, Sonipat, India","Milanov, Aleksandar, O.P. Jindal Global University, Sonipat, India","The present article explores the international legal regulation of space waste on celestial bodies and the ecological challenges that space missions will pose in the near future. The lack of a shared vision of whether space waste production should be minimized on celestial bodies is causing uncertainty in the planning of future space missions. Leading private space companies are proposing the transfer of dangerous space waste produced from Earth into outer space. The excessive generation of space waste would increase the risks of activities such as space tourism, and space research and will threaten scientific fields such as radio astronomy. The political alliances that exclude a priori third parties will increase the risk of a generation of unnecessary orbital space debris and space waste on celestial bodies because of the development of several space missions in the same field. The sustainability of space missions on celestial bodies and the protection of the outer space environment should become a guiding principle for both national and international legal regulation of space activities. This article argues for the urgent need to establish comprehensive international regulations and monitoring mechanisms to manage space waste on celestial bodies, emphasizing sustainability and cooperation among space-faring nations. © 2024 Elsevier B.V., All rights reserved.","Exploitation of Celestial Bodies; Mitigation of Space Waste; Space Cooperation; Space Law; Space Waste","","A. Milanov; Jindal Global Law School, Jindal Global University, Sonipat, Haryana, India; email: amilanov@jgu.edu.in","","Creative Publishing House","27526798; 27526801","","","","English","J. Ecohum.","Article","Final","All Open Access; Hybrid Gold Open Access","Scopus","2-s2.0-85203048946"
"Baran, Z.; Baran, H.","Baran, Züleyhan (57891137300); Baran, Huseyin (58629015000)","57891137300; 58629015000","Memorable tourism experiences in the metaverse dimension","2024","","","","","276","289","0","0","10.4018/979-8-3693-3158-3.ch015","https://www.scopus.com/inward/record.uri?eid=2-s2.0-85201739322&doi=10.4018%2F979-8-3693-3158-3.ch015&partnerID=40&md5=e80e99e69913444947bb77315ab0a632","Düzce Üniversitesi, Duzce, Turkey","Baran, Züleyhan, Düzce Üniversitesi, Duzce, Turkey; Baran, Huseyin, Düzce Üniversitesi, Duzce, Turkey","This study aims to evaluate the concept of virtual space tourism through the lens of ""The Climb, "" a software initially introduced as both a game and a memorable tourism experience. The primary limitation is the restricted generalizability due to the necessity of purchasing the software and the participants' interest in virtual activities, highlighting the need for broader evaluation with diverse participant pools and new platforms. The significance of this research lies in its potential to inform future developments in virtual space tourism, advocating for longitudinal studies, comparative analyses, and cross-disciplinary collaboration to enhance realism, immersion, and the overall quality of virtual tourism experiences. Ultimately, the study underscores the transformative potential of advanced virtual technologies in creating immersive and memorable tourism experiences, opening new avenues for exploration and engagement in the tourism industry. © 2024 Elsevier B.V., All rights reserved.","","","","","IGI Global","","9798369331590; 9798369331583","","","English","Cult., Gastron., and Adventure Tourism Dev.","Book chapter","Final","","Scopus","2-s2.0-85201739322"
"Solano-Sánchez, M.Á.; Aja-Valle, J.; Arteaga Sánchez, R.; López-Guzmán, T.","Solano-Sánchez, Miguel Ángel (57219915878); Aja-Valle, Jaime (58535781900); Arteaga Sánchez, Rocío (55863006700); López-Guzmán, Tomás J. (57201665435)","57219915878; 58535781900; 55863006700; 57201665435","Unveiling Astrotourists’ profiles. Activities, motivations, economic and social benefits and experiences","2024","Enlightening Tourism","14","2","","1","16","0","1","10.33776/et.v14i2.8287","https://www.scopus.com/inward/record.uri?eid=2-s2.0-85208268774&doi=10.33776%2Fet.v14i2.8287&partnerID=40&md5=b2dd58b0f5cab7fdc50f2578c1491255","Facultad de Ciencias del Trabajo, Universidad de Córdoba, Cordoba, Spain; Instituto Andaluz de Investigación e Innovación en Turismo (IATUR), Malaga, Spain; Facultad de Ciencias Económicas y Empresariales, Universidad de Sevilla, Sevilla, Spain","Solano-Sánchez, Miguel Ángel, Facultad de Ciencias del Trabajo, Universidad de Córdoba, Cordoba, Spain, Instituto Andaluz de Investigación e Innovación en Turismo (IATUR), Malaga, Spain; Aja-Valle, Jaime, Facultad de Ciencias del Trabajo, Universidad de Córdoba, Cordoba, Spain; Arteaga Sánchez, Rocío, Facultad de Ciencias Económicas y Empresariales, Universidad de Sevilla, Sevilla, Spain; López-Guzmán, Tomás J., Facultad de Ciencias del Trabajo, Universidad de Córdoba, Cordoba, Spain, Instituto Andaluz de Investigación e Innovación en Turismo (IATUR), Malaga, Spain","This research aims to determine the variations that occur in the socio-demographic profile (gender, age, educational level and income) of the visitor interested in astrotourism based on some questions about the activities they carry out related to astronomy, motivations, economic and social benefits and the assessment of experiences about astrotourism through data gathered by a questionnaire. An artificial neural network is developed to generate potential “identikits” or estimated profiles of astrotourists based on the replies incorporated into the model and easily customisable by the researcher, which is especially useful in developing products and services adapted to astrotourism. © 2024 Elsevier B.V., All rights reserved.","Artificial Neural Networks; Astronomical Tourism; Astrotourism; Astrotourist; Multilayer Perceptron; Stars","","M.Á. Solano-Sánchez; Facultad de Ciencias del Trabajo, Universidad de Córdoba, Spain; email: d42sosam@uco.es","","Universidad de Huelva","2174548X","","","","English","Enlight. Tour.","Article","Final","All Open Access; Gold Open Access; Green Accepted Open Access; Green Open Access","Scopus","2-s2.0-85208268774"
"Kim, M.J.; Hall, C.M.; Kwon, O.; Sohn, K.","Kim, Myungja (7406088313); Hall, C. Michael (55017070000); Kwon, Ohbyung (55735334700); Sohn, Kwonsang (57212469834)","7406088313; 55017070000; 55735334700; 57212469834","Effects of Value-Belief-Norm Theory, ESG, and AI on Space Tourist Behavior for Sustainability With Three Types of Space Tourism","2024","Journal of Travel Research","63","6","","1395","1410","0","20","10.1177/00472875231191514","https://www.scopus.com/inward/record.uri?eid=2-s2.0-85170563848&doi=10.1177%2F00472875231191514&partnerID=40&md5=191adf5001ad07fc39e99ba4e22b82d1","College of Hotel and Tourism Management, Kyung Hee University, Seoul, South Korea; Department of Management, University of Canterbury, Christchurch, New Zealand; Geography Research Unit, Oulun Yliopisto, Oulu, Finland; School of Business and Economics, Linnaeus University, Kalmar, Kalmar, Sweden; Institutionen för Service Management och Tjänstevetenskap, Helsingborg, Sweden; Taylor's University Malaysia, Subang Jaya, Malaysia; School of Management, Kyung Hee University, Seoul, South Korea; College of Business Administration, Inha University, Incheon, South Korea","Kim, Myungja, College of Hotel and Tourism Management, Kyung Hee University, Seoul, South Korea; Hall, C. Michael, College of Hotel and Tourism Management, Kyung Hee University, Seoul, South Korea, Department of Management, University of Canterbury, Christchurch, New Zealand, Geography Research Unit, Oulun Yliopisto, Oulu, Finland, School of Business and Economics, Linnaeus University, Kalmar, Kalmar, Sweden, Institutionen för Service Management och Tjänstevetenskap, Helsingborg, Sweden, Taylor's University Malaysia, Subang Jaya, Malaysia; Kwon, Ohbyung, School of Management, Kyung Hee University, Seoul, South Korea; Sohn, Kwonsang, School of Management, Kyung Hee University, Seoul, South Korea, College of Business Administration, Inha University, Incheon, South Korea","Since reusable launch vehicles have revolutionized access to space, space tourism has received enormous policy and research attention. However, such growth is occurring within a wider context of concerns over climate change, emissions, and space debris. Although the space industries have enormous environmental impacts, few studies have been undertaken on the sustainability of space tourism. Therefore, we aim to create and assess an extended value-beliefs-norms theory with environmental, social, and governance (ESG) factors, trust in artificial intelligence (AI), and the benefits of AI, in comparing three types of space tourism (Earth, suborbital, and orbital). To achieve the goals, multi-method analyses of 1,000 respondents were applied, including partial least squares-structural equation modeling, multi-group analysis, fuzzy-set Qualitative Comparative Analysis, and deep learning. Results revealed that the extended value-belief-norm model well explains space tourist behavior, ESG also has significant roles on the research model, and the three types have unique characteristics. © 2024 Elsevier B.V., All rights reserved.","and governance; artificial intelligence; deep learning; environmental; fsQCA; social; South Korea; space tourism","artificial intelligence; comparative study; ecotourism; environmental impact; governance approach; least squares method; social theory; tourist behavior; South Korea","M.J. Kim; College of Hotel and Tourism Management, Kyung Hee University, Seoul, South Korea; email: silver@khu.ac.kr","","SAGE Publications Ltd","00472875; 15526763","","","","English","J. Travel Res.","Article","Final","","Scopus","2-s2.0-85170563848"
"Wassenaar, A.; Coetzee, B.","Wassenaar, Amélia S. (59009729800); Coetzee, Brenda A. (58952841400)","59009729800; 58952841400","Global astrotourism initiatives and the applicability of their strengths, weaknesses, opportunities and threats to astrotourism in South African National Parks","2024","Journal of Outdoor Recreation and Tourism","46","","100766","","","0","2","10.1016/j.jort.2024.100766","https://www.scopus.com/inward/record.uri?eid=2-s2.0-85191891422&doi=10.1016%2Fj.jort.2024.100766&partnerID=40&md5=3a5483e3529da20022b986c7b891643c","Department of Exercise and Sport Science, University of the Free State, School of Medicine, Bloemfontein, South Africa","Wassenaar, Amélia S., Department of Exercise and Sport Science, University of the Free State, School of Medicine, Bloemfontein, South Africa; Coetzee, Brenda A., Department of Exercise and Sport Science, University of the Free State, School of Medicine, Bloemfontein, South Africa","South African National Parks (SANParks) must generate operational income through innovative resource development. Astrotourism was identified as a potentially suitable income-generating activity. Various astrotourism initiatives are operational globally. However, their applicability within the South African context is unknown. The research evaluated successful global astrotourism initiatives to determine how these examples can be applicable to SANParks. Sixty-two global astrotourism initiatives were evaluated and 42 in-depth stakeholder interviews were conducted. Thematical data analysis was followed by a strengths, weaknesses, opportunities and threats (SWOT) analysis. The research makes a meaningful contribution by highlighting important concepts for consideration in support of viable astrotourism development in SANParks. Elements requiring consideration to provide tourists with quality experiences include appropriate locations for astrotourism activities, mitigation of light pollution, climate, seasonality, need for community engagement, well-trained presenters, carefully planned programmes and development of suitable management policies to protect dark skies, allowing for variation within each park's unique situation. © 2024 Elsevier B.V., All rights reserved.","Astrotourism; Income-generating activities; Light pollution; Night sky conservation; Stargazing","","B. Coetzee; Department of Exercise and Sport Sciences, School of Health and Rehabilitation Sciences, Faculty of Health Sciences, University of the Free State, Bloemfontein, South Africa; email: austinba@ufs.ac.za","","Elsevier Ltd","22130780","","","","English","J. Outdoor Recreat. Tour.","Article","Final","All Open Access; Hybrid Gold Open Access","Scopus","2-s2.0-85191891422"
"Bernstein, J.D.","Bernstein, Joshua D. (57205115672)","57205115672","The billionaire space race: Internet memes and the netizen response to space tourism","2024","Annals of Tourism Research Empirical Insights","5","1","100122","","","0","2","10.1016/j.annale.2024.100122","https://www.scopus.com/inward/record.uri?eid=2-s2.0-85185304150&doi=10.1016%2Fj.annale.2024.100122&partnerID=40&md5=323d498b97d09ed0ec346987416e9b4d","Language Institute, Thammasat University, Pathum Thani, Thailand","Bernstein, Joshua D., Language Institute, Thammasat University, Pathum Thani, Thailand","This study examined netizen attitudes toward space tourism. A content analysis was performed on 260 memes collected in response to the first tourist-focused suborbital spaceflight of Virgin Galactic and Blue Origin. While findings indicate a variety of perspectives toward both historic moments for the new commercial space industry, the overall sentiment was negative. Using cultural references and humor, this critical response focused on the billionaire founders Richard Branson and Jeff Bezos, downplayed their achievement, and questioned their environmental, financial, and social/ethical practices. This discursive contention is sharply opposed to dominant narratives which typically frame space tourism as a net positive for humankind. Findings offer insight into emerging attitudes toward present-day space tourism and potential challenges to the industry's future development. © 2024 Elsevier B.V., All rights reserved.","Alternative tourism; Content analysis; Counterpublics; Internet memes; Public sphere; Sustainability","","","","Elsevier B.V.","26669579","","","","English","Ann. Tourism Res. Empir. Insights","Article","Final","All Open Access; Gold Open Access","Scopus","2-s2.0-85185304150"
"Kim, M.J.; Hall, C.M.; Kwon, O.; Sohn, K.","Kim, Myungja (7406088313); Hall, C. Michael (55017070000); Kwon, Ohbyung (55735334700); Sohn, Kwonsang (57212469834)","7406088313; 55017070000; 55735334700; 57212469834","Space tourism: Value-attitude-behavior theory, artificial intelligence, and sustainability","2024","Journal of Retailing and Consumer Services","77","","103654","","","0","44","10.1016/j.jretconser.2023.103654","https://www.scopus.com/inward/record.uri?eid=2-s2.0-85179426132&doi=10.1016%2Fj.jretconser.2023.103654&partnerID=40&md5=0361791af1f6d5d0e032b17430edfb81","College of Hotel and Tourism Management, Kyung Hee University, Seoul, South Korea; Department of Management, University of Canterbury, Christchurch, New Zealand; College of Hotel and Tourism Management, Kyung Hee University, Seoul, South Korea; Geography Research Unit, Oulun Yliopisto, Oulu, Finland; Department of Service Studies, Campus Helsingborg, Helsingborg, Sweden; School of Management, Kyung Hee University, Seoul, South Korea; College of Business Administration, Inha University, Incheon, South Korea; School of Management, Kyung Hee University, Seoul, South Korea","Kim, Myungja, College of Hotel and Tourism Management, Kyung Hee University, Seoul, South Korea; Hall, C. Michael, Department of Management, University of Canterbury, Christchurch, New Zealand, College of Hotel and Tourism Management, Kyung Hee University, Seoul, South Korea, Geography Research Unit, Oulun Yliopisto, Oulu, Finland, Department of Service Studies, Campus Helsingborg, Helsingborg, Sweden; Kwon, Ohbyung, School of Management, Kyung Hee University, Seoul, South Korea; Sohn, Kwonsang, College of Business Administration, Inha University, Incheon, South Korea, School of Management, Kyung Hee University, Seoul, South Korea","Despite concerns over its sustainability, space tourism is an emerging luxury consumer service which is promoted to participants as providing a new connection to Earth and humanity. However, little research examines the potential connectivity between sustainability and space tourism, especially given the strong technological dimensions of space tourism. The purpose of this study is to explore an extended value-attitude-behavior theory with AI awareness and social and personal norms to examine space tourism's alignment with the UN's 17 Sustainable Development Goals. Through 664 potential space tourism consumers and applying PLS-SEM, multi-group analysis, fsQCA, and deep learning methods, findings revealed the significant influence of value and AI awareness on attitude and social and personal norms leading to sustainable behaviors. Findings provide insights into space tourism's sustainability, emphasizing environmental considerations and AI awareness in shaping luxury travel consumer services. © 2023 Elsevier B.V., All rights reserved.","Artificial intelligence; Deep learning; fsQCA; Space tourism; Sustainable development goals; VAB model","artificial intelligence; machine learning; scanning electron microscopy; sustainability; Sustainable Development Goal; tourism development; tourism market; United Nations","M.J. Kim; College of Hotel & Tourism Management, Kyung Hee University, Seoul, 26 Kyungheedae-ro, Dongdaemun-gu, 02447, South Korea; email: silver@khu.ac.kr","","Elsevier Ltd","09696989","","","","English","J. Retail. Consum. Serv.","Article","Final","","Scopus","2-s2.0-85179426132"
"Zhang, Y.","Zhang, Yaozhi (57210197852)","57210197852","Space tourism: A new frontier of tourism experience","2024","","","","","237","248","0","1","10.4337/9781803926902.00025","https://www.scopus.com/inward/record.uri?eid=2-s2.0-85188771723&doi=10.4337%2F9781803926902.00025&partnerID=40&md5=05ebf35242537f73749ac50a735a6e15","","Zhang, Yaozhi, ","[No abstract available]","","","","","Edward Elgar Publishing Ltd.","","9781803926902; 9781803926896","","","English","Handb. of Experience Sci.","Book chapter","Final","","Scopus","2-s2.0-85188771723"
"Penteado, A.","Penteado, Ana (57232696300)","57232696300","Despite Repeated Warnings: A Multidisciplinary Approach of the Shortcoming of Numbers in Indigenous Knowledge and Climate Change","2024","","","","","283","311","0","0","10.1007/978-981-99-8830-3_13","https://www.scopus.com/inward/record.uri?eid=2-s2.0-85219651225&doi=10.1007%2F978-981-99-8830-3_13&partnerID=40&md5=fb2407837c5f1b286167b108b93e1910","The University of Notre Dame Australia, Fremantle, Australia","Penteado, Ana, The University of Notre Dame Australia, Fremantle, Australia","Life is about numbers. With technology on offer, we think about our own choices detached from any other preoccupation. Daily steps are tracked in a graduate step-index to monitor signs of a sedentary lifestyle for health purposes (Thomson et al., BMC public health several steps/day indicators predict changes in anthropometric outcomes: HUB city steps, 2012), sustainable travel choices are sold online in an eco-friendly conduct, checking their carbon emissions targets via social media applications that manage their personal achievements unrelated to other indicators. At the same time, another group of rarefied economic power pollutes the atmosphere with up to about 300 tons of carbon dioxide adventuring in space travel, regardless of any impact on local, regional, and global climate change (See, The Guardian, Katharine Gammon, Space, How the billionaire space race could be one giant leap for pollution published on 19 of July 2021, available at https://www.theguardian.com/science/2021/jul/19/billionaires-space-tourism-environment-emissions.). Unbeknownst to them is the relationship of their actions to ebb away climate change mitigation policies. Economic indicators and human consumer options instruct our life, which has been inundated with more disconnected lifestyle statistics to inform our choices better than an informed guess. In short, indicators manage our choices from personal to the public arena of ideas, which is concerning. Applying critical research methods on meaningful indicators entails designing public policies for sustainability choices, and what an evaluation conveys to a wider audience needs to be clearly communicated to influence a lifestyle change for environmental impact. When we interpret indicators against the selected parameters on climate mitigation, health, sustainability, or business enterprises, we fail to understand the relationship between our local environment and climate change mitigation if we do not monitor our biodiversity conservation policies. This correct interrelation will impact sustainability policies and climate change actions for academia, governments to local populations for good. Ecological metrics are crucial to link ecological parameters together for a sound decision at the local level. An ecological metric applied to a local biodiversity hotspot suggests effective and good monitoring of rare and native species, a positive outcome for decreasing the degradation of the environment. Therefore, countries should act collaboratively to achieve positive results for climate change mitigation policies focusing on the taxonomic identification of local biodiversity, most of these species have indigenous names and the impact of human interference on local ecosystems, which demands coordinated action. This paper suggests that a holistic approach to ecological metrics may support local biodiversity conservation in connection to Indigenous Peoples Knowledge. This paper will also focus on climate change mitigation public policies that use poor or no ecological indicators in their findings to support ecological education in their daily lives for the present and the future of other generations. It concludes with an analysis of biodiversity conservation policies and economic metrics, a paradoxical relationship represented by the absence of ecological indicators in sustainability reports for evaluating environmental projects, that impact local populations and native flora and fauna. As a result, non-identified native and rare plants are discarded as possible strong indicators for curbing climate change mitigation than economic indicators. © 2025 Elsevier B.V., All rights reserved.","","","A. Penteado; Notre Dame University, School of Law, Sydney, Australia; email: penteado.ana2008@gmail.com","","Springer Singapore","","9789819988303; 9789819988297","","","English","Traditional Knowl. and Climate Change: An Environmental Impact on Landsc. and Communities","Book chapter","Final","","Scopus","2-s2.0-85219651225"
"El Archi, Y.; Benbba, B.","El Archi, Youssef (58164981400); Benbba, Brahim (57987744600)","58164981400; 57987744600","New Frontiers in Tourism and Hospitality Research: An Exploration of Current Trends and Future Opportunities","2024","Springer Proceedings in Business and Economics","","","","149","166","0","6","10.1007/978-3-031-48288-5_9","https://www.scopus.com/inward/record.uri?eid=2-s2.0-85188308785&doi=10.1007%2F978-3-031-48288-5_9&partnerID=40&md5=4cd1091ce70de01c3096926ab64ddad3","Université Abdelmalek Essaadi, Tetouan, Morocco; Doctoral School of Economic and Regional Sciences, Hungarian University of Agriculture and Life Sciences, Godollo, Hungary","El Archi, Youssef, Université Abdelmalek Essaadi, Tetouan, Morocco, Doctoral School of Economic and Regional Sciences, Hungarian University of Agriculture and Life Sciences, Godollo, Hungary; Benbba, Brahim, Université Abdelmalek Essaadi, Tetouan, Morocco","The global economy depends heavily on the tourism and hospitality industries, and research in these fields has grown and changed significantly in recent years. With an emphasis on newly opened research areas, this study intends to examine current trends and potential future directions in tourism and hospitality research. To identify significant themes and areas of research interest, the study focuses on a thorough examination of the literature, which includes both theoretical and empirical investigations. A historical review of tourism and hospitality research is given at the outset of the study, showing how it has developed from early studies of visitor behaviour to more contemporary studies on sustainability, technology and globalisation. The authors then go through the most recent developments in the industry, such as the expanding significance of experience and co-creation in tourism, the use of social media and online platforms to increase consumer interaction and the rise of new business models and forms of cooperation. Along with these current trends, the paper also identifies a number of potential areas for future research, such as the incorporation of artificial intelligence and machine learning into tourism and hospitality operations, the creation of fresh perspectives on sustainability and responsible tourism and the investigation of novel forms of tourism like space tourism and virtual reality tourism. The authors also highlight the importance of conducting more multidisciplinary research in the tourism and hospitality industries, incorporating knowledge from disciplines like psychology, sociology and anthropology. The need for ongoing innovation and teamwork in tourism and hospitality research is emphasised in the paper’s conclusion, along with the field’s ability to support larger social goals including sustainable development, cultural exchange and economic progress. Overall, this article offers a thorough assessment of recent developments in tourism and hospitality research and gives a roadmap for future studies in this dynamic and quickly developing area. © 2024 Elsevier B.V., All rights reserved.","Comprehensive literature review; Current trends; Future opportunities; Hospitality; Tourism","","Y. El Archi; National School of Business and Management of Tangier, Abdelmalek Essaâdi University, Tétouan, Morocco; email: elarchi.youssef@etu.uae.ac.ma","Negrua, A.L.; Coros, M.M.","Springer Nature","21987254; 21987246","9783031900532; 9789819665259; 9783319338637; 9783031766572; 9783030552763; 9783030305482; 9783031065804; 9783031261206; 9783030506759; 9789811678172","","","English","Springer Proc. Bus. Econ.","Conference paper","Final","","Scopus","2-s2.0-85188308785"
"Brobst, J.A.","Brobst, Jennifer A. (57201777376)","57201777376","LEGAL STRATEGIES TO PRESERVE THE NATURAL AND CULTURAL HERITAGE OF SPACE","2024","","","","","133","152","0","1","10.4324/9781032617961-9","https://www.scopus.com/inward/record.uri?eid=2-s2.0-85184560632&doi=10.4324%2F9781032617961-9&partnerID=40&md5=3f15e40dbcd379501b992a1b3fa97532","University of Memphis, Memphis, United States","Brobst, Jennifer A., University of Memphis, Memphis, United States","The World Heritage Convention to the United Nations Educational, Scientific and Cultural Organization (UNESCO) and related laws that seek to protect the natural and cultural heritage of humanity offer a promising framework for preserving the human legacy of space travel. The application of the World Heritage Convention on Earth demonstrates an interest in preserving global history, ecology and resources, as well as inspiring cooperation among nations through mutual respect and an appreciation of a common history. As the Space Age begins, it is timely to consider legal mechanisms to preserve the numerous “firsts” in space travel. Expanded space tourism offers the promise of space parks, museums and retreats. However, the encroachment of commercial mining and military interests presents a challenge to the protection of heritage sites on Earth and in space, particularly as the Artemis Accords contemplate resource exploitation on celestial bodies. However, there are also potential economic and diplomatic benefits to heritage preservation through the tourism industry and the transparency which it offers. Despite the competitive nature of space travel among nations, the broad cooperative support for a UNESCO framework on Earth bodes well for expanding the heritage conventions to encompass humanity’s experience in the universe. © 2024 Elsevier B.V., All rights reserved.","","","","","Taylor and Francis","","9781003850083; 9781032488622","","","English","Space Tourism: Legal and Policy Aspects","Book chapter","Final","","Scopus","2-s2.0-85184560632"
"Sharma, A.V.","Sharma, Aaditya Vikram (57223618030)","57223618030","SPACE TOURISM: Learning from the Antarctic Experience","2024","","","","","203","222","0","1","10.4324/9781032617961-13","https://www.scopus.com/inward/record.uri?eid=2-s2.0-85184538089&doi=10.4324%2F9781032617961-13&partnerID=40&md5=860628180b54953441fe7b4a243c1dbf","Vivekananda Institute of Professional Studies - Technical Campus, New Delhi, India","Sharma, Aaditya Vikram, Vivekananda Institute of Professional Studies - Technical Campus, New Delhi, India","Space tourism service by private companies is now a reality and is here to stay, with investments in these corporations spanning around $9 billion in 2020 International space law covers activities which occur in this area. However, it has been unable to keep up with the fast-paced developments in space technologies. This means that issues such as the safety of the passengers, protection of the environment and cultural heritage in space, licensing requirements and even the boundary between the atmosphere and outer space are not adequately addressed under it. The experience of regulating tourism in Antarctica can be utilised to hone the instruments for tourism in space. This is because of the similarities between Antarctica and outer space. Further, the environment and heritage in both regions need to be preserved. The Antarctic Treaty System (ATS) is a relatively mature mechanism which was created in 1959. It has been able to address the issue of regulation of tourism through the Madrid Protocol of 1991, which directly led to the creation of the International Association of Antarctica Tour Operators (IAATO). Since then, the IAATO has regulated tourism in Antarctica. This chapter proposes that ATS can be a viable mechanism to overhaul international space law as it stands, especially for international tourism. © 2024 Elsevier B.V., All rights reserved.","","","","","Taylor and Francis","","9781003850083; 9781032488622","","","English","Space Tourism: Legal and Policy Aspects","Book chapter","Final","","Scopus","2-s2.0-85184538089"
"Schweinsberg, S.; Fennell, D.","Schweinsberg, Stephen C. (12767027000); Fennell, David A. (35886451600)","12767027000; 35886451600","Space Tourism: A Historical and Existential Perspective","2024","Sustainability (Switzerland)","16","1","79","","","0","5","10.3390/su16010079","https://www.scopus.com/inward/record.uri?eid=2-s2.0-85181878408&doi=10.3390%2Fsu16010079&partnerID=40&md5=854f7a280fd006d84ef57393be0d4ccb","UTS Business School, Sydney, Australia; Department of Geography and Tourism Studies, Brock University, St. Catharines, Canada","Schweinsberg, Stephen C., UTS Business School, Sydney, Australia; Fennell, David A., Department of Geography and Tourism Studies, Brock University, St. Catharines, Canada","The growth of space tourism over recent decades has led to calls to formalise its ethical positioning and sustainability credentials in the eyes of society. With tourism ethics frameworks typically developing according to human-centred viewpoints, how might we develop ethical reference points for future space tourism when technological innovation progresses to the extent where we are exploring the unknown? To explore the unknown, we have conducted a colonial reflection on the behaviour and attitudes of Captain James Cook and the crew of HMS Endeavour when they visited Australia in 1770. From a methodological perspective, we have drawn on extracts from the voyage journals, examining the information that they provide through the lens of existentialism. Through this examination we explore some of the challenges that future space tourists might face being authentic to themselves when exploring the unknown. This includes the challenges in avoiding ‘bad faith’ in our dealings with other life-forms and the abdication of our own personal responsibility to act in a manner which is ethical. © 2024 Elsevier B.V., All rights reserved.","Captain Cook; colonialism; ethics; existentialism; space tourism","ecotourism; ethics; innovation; public attitude; spatiotemporal analysis; sustainability; tourism development; Australia","S. Schweinsberg; UTS Business School, University of Technology Sydney, Sydney, 2007, Australia; email: stephen.schweinsberg@uts.edu.au","","Multidisciplinary Digital Publishing Institute (MDPI)","20711050","","","","English","Sustainability","Article","Final","All Open Access; Gold Open Access","Scopus","2-s2.0-85181878408"
"Jaskari, M.-M.; Jauffret, M.-N.; KauppinenRäisänen, H.","Jaskari, Minna Maarit (55905587900); Jauffret, Marie Nathalie (56534005700); KauppinenRäisänen, Hannele (25623417600)","55905587900; 56534005700; 25623417600","Suborbital Space Tourism: Doozy Experiences Beyond Earth","2024","","","","","263","290","0","0","10.1007/978-981-97-3430-6_11","https://www.scopus.com/inward/record.uri?eid=2-s2.0-105004110838&doi=10.1007%2F978-981-97-3430-6_11&partnerID=40&md5=db047f01c66c7ec97791e38ac79cc078","School of Marketing and Communication, Vaasan Yliopisto, Vaasa, Finland; International University of Monaco, Monte Carlo, Monaco; Helsingin Yliopisto, Helsinki, Finland","Jaskari, Minna Maarit, School of Marketing and Communication, Vaasan Yliopisto, Vaasa, Finland; Jauffret, Marie Nathalie, International University of Monaco, Monte Carlo, Monaco; KauppinenRäisänen, Hannele, Helsingin Yliopisto, Helsinki, Finland","This chapter delves into the experiences of actual space travelers, focusing on their experiences along the journey. The underlying premise is that the experiences occurring in various phases of the journey-pre, during, and after-each play a crucial role in shaping the holistic travel experience. In order to gain in-depth insights regarding these experiences, a qualitative study was designed using mixed methods comprising three one-to-one interviews, analysis of published interviews with six space travel astronauts, and archival data. The study contributes with insights into the unique circumstances of space travel and lived experiences of such journeys. It also introduces the concept of “doozy tourism” to illustrate the specific nature of space tourism, which is here characterized as a niche of luxury tourism. Finally, it shows how experiences within space tourism are divided into four phases. The study also holds managerial implications for luxury space tourism. © 2025 Elsevier B.V., All rights reserved.","Doozy tourism; Luxury tourism; Prolonged waiting time; Qualitative research; Space travel experience; Suborbital space tourism; Tourism experience","Interplanetary flight; Lunar missions; NASA; Spacecraft landing; Doozy tourism; Luxury tourism; Prolonged waiting time; Qualitative research; Space tourisms; Space travel; Space travel experience; Suborbital space tourism; Tourism experience; Travel experiences; Waiting time; Manned space flight","M.-M. Jaskari; School of Marketing and Communication, University of Vaasa, Vaasa, Finland; email: minnamaarit.jaskari@uwasa.fi","","Springer Nature","","9789819734290; 9789819734306","","","English","Space Bus.: Emerg. Theory and Practice","Book chapter","Final","All Open Access; Gold Open Access","Scopus","2-s2.0-105004110838"
"Yang, M.I.C.","Yang, I. Chieh Michelle (57212507504)","57212507504","The Sociological Shaping of Space Tourism","2024","","","","","291","308","0","0","10.1007/978-981-97-3430-6_12","https://www.scopus.com/inward/record.uri?eid=2-s2.0-105004105029&doi=10.1007%2F978-981-97-3430-6_12&partnerID=40&md5=a5ef8c4dfca801e3f3d15d202517fcfe","Graduate School of Management, Kyoto, Japan","Yang, I. Chieh Michelle, Graduate School of Management, Kyoto, Japan","Space tourism marks a pivotal shift in humanity’s endeavors. It goes beyond traditional travel and embodies a complex interplay of social, technological and economic forces. This article comprehensively explores how these forces combine to shape the landscape of space tourism and position it as a reflection of prevailing social constructs. It explores the intricate ways in which regulatory frameworks, cultural narratives, technological breakthroughs, and economic mechanisms interact to define and guide the development of space tourism. Drawing on institutional and performativity theories, the article offers a nuanced sociological analysis of the burgeoning market for space tourism and highlights the importance of these theoretical lenses for understanding the social foundations of this novel industry. The integrative analysis presented in this article recognizes the socioeconomic barriers and cultural paradigms that shape space tourism access and experiences. Through a critical assessment of the regulatory, technological, and economic dimensions of space tourism, the article urges a re-evaluation of the industry’s practices. It argues that a more comprehensive understanding of space tourism, informed by sociological insights, can pave the way for more equitable and sustainable practices that go beyond purely commercial or technological achievements. © 2025 Elsevier B.V., All rights reserved.","Institutional theory; Pace market; Performativity; Sociological shaping; Space tourism","Economic and social effects; Economic forces; Economic mechanisms; Institutional theory; Pace market; Performativity; Regulatory frameworks; Sociological shaping; Space positions; Space tourisms; Technological breakthroughs; Economic analysis","M.I.C. Yang; Graduate School of Management, Kyoto University, Kyoto, Japan; email: yang.ichieh.3m@kyoto-u.ac.jp","","Springer Nature","","9789819734290; 9789819734306","","","English","Space Bus.: Emerg. Theory and Practice","Book chapter","Final","All Open Access; Gold Open Access","Scopus","2-s2.0-105004105029"
"Markard, J.; Wells, P.; Yap, X.-S.; Van Lente, H.","Markard, Jochen (6603379853); Wells, Peter E. (57210905245); Yap, Xiaoshan (54796244100); Van Lente, Harro (55962286700)","6603379853; 57210905245; 54796244100; 55962286700","Unsustainabilities: A study on SUVs and Space Tourism and a research agenda for transition studies","2023","Energy Research and Social Science","106","","103302","","","0","12","10.1016/j.erss.2023.103302","https://www.scopus.com/inward/record.uri?eid=2-s2.0-85173822124&doi=10.1016%2Fj.erss.2023.103302&partnerID=40&md5=7b880646f35c7ba06c24f4e6adee1150","Institute of Sustainable Development, ZHAW Zurich University of Applied Sciences, Winterthur, Switzerland; Department of Management, ETH Zürich, Zurich, Switzerland; Cardiff Business School, Cardiff, United Kingdom; École Polytechnique Fédérale de Lausanne, Lausanne, Switzerland; Copernicus Institute of Sustainable Development, Utrecht, Netherlands; Faculty of Arts and Social Sciences, Universiteit Maastricht, Maastricht, Netherlands","Markard, Jochen, Institute of Sustainable Development, ZHAW Zurich University of Applied Sciences, Winterthur, Switzerland, Department of Management, ETH Zürich, Zurich, Switzerland; Wells, Peter E., Cardiff Business School, Cardiff, United Kingdom; Yap, Xiaoshan, École Polytechnique Fédérale de Lausanne, Lausanne, Switzerland, Copernicus Institute of Sustainable Development, Utrecht, Netherlands; Van Lente, Harro, Faculty of Arts and Social Sciences, Universiteit Maastricht, Maastricht, Netherlands","While transitions research has pursued a successful research agenda around how to improve established socio-technical systems in terms of sustainability, it has missed out, among other things, on innovations that make, or keep, societies less sustainable. In our paper, we explore two innovations in different stages of development: Sports utility vehicles (SUVs) and space tourism. SUVs entrench an existing socio-technical system and reproduce problematic practices, while space tourism might create a whole new, unsustainable system. We make three contributions. First, we introduce ‘unsustainabilities’ as a new term for technologies, institutions and practices that make, or keep, societies less sustainable. With this we direct attention to developments and structures that undermine ongoing sustainability transitions. Second, we distinguish unsustainabilities associated with socio-technical configurations, socio-technical systems, and meta-structures (spanning multiple systems). Third, we argue that precautionary policies will be needed in early stages of innovation, when there is still room to avoid unsustainable transitions. © 2023 Elsevier B.V., All rights reserved.","Mobility; Needs; Precautionary policies; Socio-technical transitions; Space; Unsustainable developments","","J. Markard; Institute of Sustainable Development, Zurich University of Applied Sciences, Winterthur, Switzerland; email: jmarkard@ethz.ch","","Elsevier Ltd","22146296; 22146326","","","","English","Energy Res. Soc. Sci.","Article","Final","All Open Access; Green Accepted Open Access; Green Final Open Access; Green Open Access; Hybrid Gold Open Access","Scopus","2-s2.0-85173822124"
"Kim, M.J.; Hall, C.M.; Kwon, O.","Kim, Myungja (7406088313); Hall, C. Michael (55017070000); Kwon, Ohbyung (55735334700)","7406088313; 55017070000; 55735334700","Space tourism: Do age and gender make a difference in risk perception?","2023","Journal of Hospitality and Tourism Management","57","","","13","17","0","18","10.1016/j.jhtm.2023.08.019","https://www.scopus.com/inward/record.uri?eid=2-s2.0-85169505519&doi=10.1016%2Fj.jhtm.2023.08.019&partnerID=40&md5=d0f7b15d810300176f242805b2856b13","College of Hotel and Tourism Management, Kyung Hee University, Seoul, South Korea; Department of Management, University of Canterbury, Christchurch, New Zealand; Geography Research Unit, Oulun Yliopisto, Oulu, Finland; School of Business and Economics, Linnaeus University, Kalmar, Kalmar, Sweden; Institutionen för Service Management och Tjänstevetenskap, Helsingborg, Sweden; Taylor's University Malaysia, Subang Jaya, Malaysia; School of Management, Kyung Hee University, Seoul, South Korea","Kim, Myungja, College of Hotel and Tourism Management, Kyung Hee University, Seoul, South Korea; Hall, C. Michael, College of Hotel and Tourism Management, Kyung Hee University, Seoul, South Korea, Department of Management, University of Canterbury, Christchurch, New Zealand, Geography Research Unit, Oulun Yliopisto, Oulu, Finland, School of Business and Economics, Linnaeus University, Kalmar, Kalmar, Sweden, Institutionen för Service Management och Tjänstevetenskap, Helsingborg, Sweden, Taylor's University Malaysia, Subang Jaya, Malaysia; Kwon, Ohbyung, School of Management, Kyung Hee University, Seoul, South Korea","Space tourism is an industry with risks including health and safety, space debris, biological hazards, and sustainability concerns. However, there is limited research on the perceived risk of participation in space tourism, particularly regarding age and gender differences. An integrated research model was created and tested with four perceived risk dimensions using fuzzy-set Qualitative Comparative Analysis. A survey of 1000 South Korean residents over 18 who wanted to participate in space tourism was conducted. Results show significant differences in perceived risks between senior and younger groups, as well as male and female respondents. These findings offer valuable insights for space tourism stakeholders. © 2023 Elsevier B.V., All rights reserved.","Age; fsQCA; Gender; Risk theory; Space tourism","","M.J. Kim; College of Hotel & Tourism Management, Kyung Hee University, Seoul, 26 Kyungheedae-ro, Dongdaemun-gu, 02447, South Korea; email: silver@khu.ac.kr","","Elsevier Ltd","14476770; 18395260","","","","English","J. Hosp. Tour. Manage.","Article","Final","","Scopus","2-s2.0-85169505519"
"Simmonds, A.I.","Simmonds, Alexander Ian (57516350200)","57516350200","For all (Hu)mankind? The intersection of mental capacity, informed consent and contract law with U.K. space law","2023","International Journal of Discrimination and the Law","23","3","","240","264","0","0","10.1177/13582291231173609","https://www.scopus.com/inward/record.uri?eid=2-s2.0-85161725454&doi=10.1177%2F13582291231173609&partnerID=40&md5=a3bc2483d7701c221dc81f0cbc38e73e","University of Dundee, Dundee, United Kingdom","Simmonds, Alexander Ian, University of Dundee, Dundee, United Kingdom","The UK Space Industry Act 2018 has now been supplemented with the new Space Industry Regulations. While examples of Space Tourism grace our screens and newsfeeds on an increasingly regular basis such as William Shatner’s recent voyage (Luscombe, 2021) the UK Regulations also pave the way for ‘human occupants’ (UK Space Industry Regulations, Regulation 2) to experience such a flight (UK Space Agency, 2020). A key part of the regulations pertaining to human occupants is that they must provide ‘informed consent’ before embarking on such a flight. If, as is likely to be the case, future courts are to draw analogies with the current state of medical law in this area, spaceflight operators will have to tread carefully if they are to avoid vitiating any informed consent by ‘bombarding’ any willing human occupant with technical detail prior to their flight (Simmonds, 2020). Whilst this could prove legally problematic for ‘capacitous’ individuals within the meaning of the Mental Capacity Act 2005, it is likely to be even more so for those who could be deemed, in some aspects of their cognitive ability, to lack capacity. UK Space Legislation as it presently stands faces three problems: 1) There is presently no legal mechanism under UK Space Law to determine capacity. 2) As examples from the Court of Protection indicate, ‘capacity’ is a very nuanced legal concept and individuals who, on the fact of things, may appear to lack capacity as regards potentially risky activities, have been regarded by the Courts as, at least, partially capacitous in respect of certain decisions. Operators may find themselves having to tread a fine line to avoid claims of discrimination. 3) because of point 1) and the state of the Law of Contract as regards contractual relationships entered into by potentially incapacitous individuals, further significant legal problems may present themselves. This paper will focus primarily on the Law in England and Wales but some of the overarching conclusions will be of relevance to all UK jurisdictions. © 2023 Elsevier B.V., All rights reserved.","Contract Law; Disability; Informed Consent; Mental Capacity; Space; Space Industry; Space Law","","A.I. Simmonds; University of Dundee, Dundee, United Kingdom; email: asimmonds001@dundee.ac.uk","","SAGE Publications Ltd","13582291; 20479468","","","","English","Int. J. Discrim. Law","Article","Final","All Open Access; Hybrid Gold Open Access","Scopus","2-s2.0-85161725454"
"Mehran, J.; Olya, H.; Han, H.","Mehran, Javaneh (57193673281); Olya, H. G.T. (57193663496); Han, Heesup (21233360400)","57193673281; 57193663496; 21233360400","Psychology of space tourism marketing, technology, and sustainable development: From a literature review to an integrative framework","2023","Psychology and Marketing","40","6","","1130","1151","0","30","10.1002/mar.21795","https://www.scopus.com/inward/record.uri?eid=2-s2.0-85146661294&doi=10.1002%2Fmar.21795&partnerID=40&md5=20d6e2bcb74b12158e77c4bde5e02e1f","Handelshögskolan vid Karlstads Universitet, Karlstad, Sweden; Sheffield University Management School, Sheffield, United Kingdom; College of Hospitality and Tourism Management, Sejong University, Seoul, South Korea","Mehran, Javaneh, Handelshögskolan vid Karlstads Universitet, Karlstad, Sweden; Olya, H. G.T., Sheffield University Management School, Sheffield, United Kingdom; Han, Heesup, College of Hospitality and Tourism Management, Sejong University, Seoul, South Korea","Space tourism, a niche segment of the aviation industry, has radically altered the private sector. A noticeable trend in this market has been the development of commercial space with numerous start-ups and ventures underway. Adopting a concept-driven approach, we conduct a hybrid review to sketch the emerging market areas in space tourism and provided insights into tourists' behavioral responses. Our results are supplemented by an analysis of public viewpoints on space-faring to gauge their alignment with academic views on space tourism. We also develop an integrative framework to elucidate how personality interacts with scenario to influence the feelings, thoughts, and behaviors of space tourists and their responses toward space tourism. We recognize critical gaps in previous literature and propose the following recommendations to guide future research: 1) Conceptualization of travel services and tourism typology in the new space market; 2) theoretical contribution on pragmatic and semantic levels; 3) need for empirical and multi-disciplinary studies; 4) investigating the role of ethical issues on bilateral arguments toward commercialized space tourism; 5) integrating stakeholders' perspectives to maximize the socioeconomic impacts of space tourism and environmental sustainability; 6) media platforms and application of new technologies; and 7) role of scientific journals in knowledge enhancement. © 2023 Elsevier B.V., All rights reserved.","adventurous services; commercial space tourism market; hybrid review; psychology of space marketing; space aviation; space travel; sustainable development and strategy; technology innovation","","","","John Wiley and Sons Inc","07426046; 15206793","","","","English","Psychol. Mark.","Review","Final","All Open Access; Green Accepted Open Access; Green Open Access; Hybrid Gold Open Access","Scopus","2-s2.0-85146661294"
"Paladini, S.; Saha, K.","Paladini, Stefania (56165427700); Saha, Krishnendu (58460901600)","56165427700; 58460901600","The quest for sustainability in lower orbit: Conceptual models for space tourism","2023","International Journal of Tourism Research","25","3","","333","349","0","15","10.1002/jtr.2568","https://www.scopus.com/inward/record.uri?eid=2-s2.0-85146249357&doi=10.1002%2Fjtr.2568&partnerID=40&md5=c0e5667c15b7697f25ffdcf1767327ee","Reader in Economics & Global Security, Birmingham City University, Birmingham, United Kingdom; Strategy and International Business, Birmingham City University, Birmingham, United Kingdom","Paladini, Stefania, Reader in Economics & Global Security, Birmingham City University, Birmingham, United Kingdom; Saha, Krishnendu, Strategy and International Business, Birmingham City University, Birmingham, United Kingdom","[No abstract available]","Industry 4.0; space; space tourism; sustainability; technology","","S. Paladini; Economics & Global Security, Birmingham City University, Birmingham, United Kingdom; email: stefania.paladini@bcu.ac.uk","","John Wiley and Sons Ltd","15221970; 10992340","","","","English","Int. J. Tour. Res.","Note","Final","All Open Access; Green Accepted Open Access; Green Open Access; Hybrid Gold Open Access","Scopus","2-s2.0-85146249357"
"Schaberg, C.","Schaberg, Christopher S. (57039027700)","57039027700","Adventure: An Argument for Limits","2023","","","","","1","124","0","0","","https://www.scopus.com/inward/record.uri?eid=2-s2.0-85199824726&partnerID=40&md5=dbf4d89847f08ceb689fe5c04c27bdb7","Washington University in St. Louis, St. Louis, United States","Schaberg, Christopher S., Washington University in St. Louis, St. Louis, United States","What is the meaning of “adventure” as we enter the third decade of the 21st century, after a global pandemic, social and geopolitical calamities, and accelerating environmental catastrophes? What stories are humans telling about wilderness, remote destinations, and the most difficult thoughts thinkable? Adventure is a pinball assortment of unexpected encounters. Each chapter entertains a specific project, fantasy, or activity that dabbles with adventure – and runs into limits. Subjects range from Mars exploration, commercial space tourism, and adventure consumerism, to the day-to-day experiences of living in a world increasingly impacted by climate change and environmental disasters. Taking a wide-angle view – at times personal, at others theoretical – Schaberg explores our ideas about adventure and their narrative, cultural, and philosophical underpinnings. © 2024 Elsevier B.V., All rights reserved.","","","","","Bloomsbury Publishing Plc.","","9798765101452; 9798765101483","","","English","Adventure: an Argument for Limits","Book","Final","","Scopus","2-s2.0-85199824726"
"Werry, M.","Werry, Margaret (24464606700)","24464606700","Theatre & Tourism","2023","","","","","1","124","0","0","","https://www.scopus.com/inward/record.uri?eid=2-s2.0-85190179077&partnerID=40&md5=891232d275e541d13f5fd6e0184ec604","","Werry, Margaret, ","How does tourism impact theatre? How do theatrical ways of seeing, knowing, and acting shape tourism? How do economic and political processes like colonization or neoliberalization influence them both? And what is the future of these twinned global leisure industries? Theatre and tourism are kindred practices. Both engage their patrons in experiences of temporary escape to distant places, times, or different lives. Both stage expressive, communicative, embodied encounters in real time and space. Tourism and theatre are both sites of public pedagogy, cultural diplomacy, and cosmopolitan consciousness, promising pleasure and knowledge from the spectacle of others and elsewheres. This concise study explores the historical and contemporary entanglement of theatre and tourism, and speculates about the future as emerging technologies reshape both industries, offering new experiences of presence, embodiment, and mobility. © 2024 Elsevier B.V., All rights reserved.","","","","","Bloomsbury Publishing Plc.","","9781350349957; 9781350349971","","","English","Theatre & Tourism","Book","Final","","Scopus","2-s2.0-85190179077"
"Tapada, A.; Marques, C.S.; Marques, C.P.; Costa, C.","Tapada, Alberto (57217029951); Marques, Carla Susana E. (35224980700); Marques, Carlos Peixeira (57383877500); Costa, Carlos Manuel Martins (57200196514)","57217029951; 35224980700; 57383877500; 57200196514","Astrotourism: The Image and Intention to Visit Low-Density Territories. The Case of the Portuguese North Inland Region; Astroturismo: A Imagem e a Intenção de Visita em Territórios de Baixa Densidade. O Caso do Norte Interior de Portugal","2023","Revista Portuguesa de Estudos Regionais","","66","","117","132","0","1","10.59072/rper.vi66.33","https://www.scopus.com/inward/record.uri?eid=2-s2.0-85171871507&doi=10.59072%2Frper.vi66.33&partnerID=40&md5=a55a4dbd5195d14a167749ac41fb48d6","Alto Douro, Centro de Estudos Transdisciplinares para o Desenvolvimento (CETRAD), Vila Real, Portugal; Centro de Estudos Transdisciplinares para o Desenvolvimento (CETRAD), Vila Real, Portugal; Centro de Estudos Transdisciplinares para o Desenvolvimento (CETRAD), Vila Real, Portugal; Engenharia Industrial e Turismo, GOVCOPP – Research Unit on Governance, Competitiveness and Public Policies, Aveiro, Portugal","Tapada, Alberto, Alto Douro, Centro de Estudos Transdisciplinares para o Desenvolvimento (CETRAD), Vila Real, Portugal; Marques, Carla Susana E., Centro de Estudos Transdisciplinares para o Desenvolvimento (CETRAD), Vila Real, Portugal; Marques, Carlos Peixeira, Centro de Estudos Transdisciplinares para o Desenvolvimento (CETRAD), Vila Real, Portugal; Costa, Carlos Manuel Martins, Engenharia Industrial e Turismo, GOVCOPP – Research Unit on Governance, Competitiveness and Public Policies, Aveiro, Portugal","Astrotourism is an emerging tourism market segment made of visitors seeking to observe the sky during the night. These visitors also look for natural places away from polluted cities. Astrotourism has been growing over the last decades, but notably it was subject to fast growth during the pandemic caused by COVID-19. During this dark period, tourists demanded more intensively low-density areas away from congested cities, where they could keep social distancing. The research supporting this paper was conducted at the Destino Turístico Starlight (DTS), which is located at the Natural Park of Vale do Tua (PNRVT). A survey was conducted looking to establish a profile for dark tourism tourists, and to understand how they appreciate the destination regions and how such regions may become part of the tourists’ experiences. Based on previous studies conducted in the area, a questionnaire was designed and 450 Spanish tourists were questioned. The paper shows that while being attracted by the observation of the stars, dark-sky tourists choose places as a function of the quality of the destination as well as the tourism territories. © 2023 Elsevier B.V., All rights reserved.","Astrotourism; Astroturismo; desenvolvimento regional; emotional image; experience; Experiência; Imagem afetiva; Low-density areas; regional development; Territórios de baixa densidade","","","","APEQ - Associacao Portuguesa para o Estudo do Quaternario","1645586X","","","","English","Rev. Port. Estud. Reg.","Article","Final","All Open Access; Gold Open Access","Scopus","2-s2.0-85171871507"
"Kim, M.J.; Hall, C.M.; Kwon, O.; Sohn, K.; Kim, M.","Kim, Myungja (7406088313); Hall, C. Michael (55017070000); Kwon, Ohbyung (55735334700); Sohn, Kwonsang (57212469834); Kim, Minseong (58107913500)","7406088313; 55017070000; 55735334700; 57212469834; 58107913500","The effects of individual and organizational interventions on space tourism: applying EMGB and fsQCA","2023","Current Issues in Tourism","26","9","","1389","1393","0","12","10.1080/13683500.2023.2176744","https://www.scopus.com/inward/record.uri?eid=2-s2.0-85149454882&doi=10.1080%2F13683500.2023.2176744&partnerID=40&md5=7df4918f6390ee170b747cf34d45c0ef","College of Hotel and Tourism Management, Kyung Hee University, Seoul, South Korea; Department of Management, University of Canterbury, Christchurch, New Zealand; Geography Research Unit, Oulun Yliopisto, Oulu, Finland; School of Business and Economics, Linnaeus University, Kalmar, Kalmar, Sweden; Institutionen för Service Management och Tjänstevetenskap, Helsingborg, Sweden; Taylor's University Malaysia, Subang Jaya, Malaysia; School of Management, Kyung Hee University, Seoul, South Korea; College of Business Administration, Inha University, Incheon, South Korea; Smart Tourism Education Platform, Kyung Hee University, Seoul, South Korea","Kim, Myungja, College of Hotel and Tourism Management, Kyung Hee University, Seoul, South Korea; Hall, C. Michael, College of Hotel and Tourism Management, Kyung Hee University, Seoul, South Korea, Department of Management, University of Canterbury, Christchurch, New Zealand, Geography Research Unit, Oulun Yliopisto, Oulu, Finland, School of Business and Economics, Linnaeus University, Kalmar, Kalmar, Sweden, Institutionen för Service Management och Tjänstevetenskap, Helsingborg, Sweden, Taylor's University Malaysia, Subang Jaya, Malaysia; Kwon, Ohbyung, School of Management, Kyung Hee University, Seoul, South Korea; Sohn, Kwonsang, School of Management, Kyung Hee University, Seoul, South Korea, College of Business Administration, Inha University, Incheon, South Korea; Kim, Minseong, Smart Tourism Education Platform, Kyung Hee University, Seoul, South Korea","There is limited theoretically informed research on sustainability in the space tourism market. An extended model of goal-directed behaviour (EMGB) is created and verified with individual and organizational interventions, comparing space tourism experienced and non-experienced travellers. Results revealed that individual intervention has fully significant effects on all MGB constructs, while organizational intervention has partially significant impacts, which in turn influence desire relevant to behavioural intention. The findings from fsQCA showed the different profiles of experienced and non-experienced tourists. © 2023 Elsevier B.V., All rights reserved.","intervention theory; model of goal-directed behaviour; South Korea; Space tourism; space tourism experience; sustainability","","M.J. Kim; The College of Hotel & Tourism Management, Kyung Hee University, Seoul, South Korea; email: silver@khu.ac.kr","","Routledge","13683500","","","","English","Curr. Issues Tour.","Letter","Final","","Scopus","2-s2.0-85149454882"
"Li, L.; Chen, X.; Zhang, L.; Li, Q.; Yang, Y.; Chen, J.","Li, Luning (57209909839); Chen, Xiang (54784114100); Zhang, Luyun (57735568500); Li, Qiang (56313470500); Yang, Yang (56184621100); Chen, Jin (55717837500)","57209909839; 54784114100; 57735568500; 56313470500; 56184621100; 55717837500","Space–time tourist flow patterns in community-based tourism: an application of the empirical orthogonal function to Wi-Fi data","2023","Current Issues in Tourism","26","18","","3004","3022","0","17","10.1080/13683500.2022.2106826","https://www.scopus.com/inward/record.uri?eid=2-s2.0-85135826244&doi=10.1080%2F13683500.2022.2106826&partnerID=40&md5=6c59f930211d7a90c4e2dd1a6ed7abbb","Beijing Normal University, Beijing, China; Department of Geography, University of Connecticut, Storrs, United States; Temple University, Philadelphia, United States","Li, Luning, Beijing Normal University, Beijing, China; Chen, Xiang, Department of Geography, University of Connecticut, Storrs, United States; Zhang, Luyun, Beijing Normal University, Beijing, China; Li, Qiang, Beijing Normal University, Beijing, China; Yang, Yang, Temple University, Philadelphia, United States; Chen, Jin, Beijing Normal University, Beijing, China","Community-based tourism is a sustainable form of tourism development where tourists visit residential communities to interact with local lives and cultures for an enhanced travel experience. Identifying and tracking tourist activities in community-based tourism is particularly challenging, as tourists have shared activity spaces with residents. The paper proposes a new method to study the space–time patterns of the tourist flow using Wi-Fi data. Specifically, we have tracked Wi-Fi probe requests over six months in the Shichahai scenic area, a famous community-based tourist attraction in Beijing, China. After deriving the tourist flow from the Wi-Fi data, we have applied the empirical orthogonal function (EOF) method to the identification of the spatial aggregation pattern and the temporality of the tourist flow. A follow-up explanatory analysis examines the environmental impacts, such as weather conditions, air quality, and travel days, on the space–time patterns. The study is among the first to employ Wi-Fi data to study travel behaviours in community-based tourism. The proposed method can shed insights into a better understanding of tourist behaviours in open-space, tourism-oriented urban communities. © 2023 Elsevier B.V., All rights reserved.","Community-based tourism; empirical orthogonal function (EOF); open-space; space–time; Wi-Fi data","data set; spatiotemporal analysis; tourism; tourism development; tourist attraction; Beijing [Beijing (ADS)]; Beijing [China]; China; Shichahai","Q. Li; State Key Laboratory of Earth Surface Processes and Resource Ecology, Faculty of Geographical Science, Beijing Normal University, Beijing, China; email: liqiang@bnu.edu.cn","","Routledge","13683500","","","","English","Curr. Issues Tour.","Article","Final","","Scopus","2-s2.0-85135826244"
"Rodrigues, Á.; Loureiro, S.M.C.; Moraes, M.; Pereira, R.G.","Rodrigues, Áurea L.O. (18435322400); Loureiro, Sandra María Correia (27467492100); Moraes, Michelle (57218850692); Pereira, Rosária Gomes (59275974500)","18435322400; 27467492100; 57218850692; 59275974500","Memorable tourism experience in the context of astrotourism","2023","Anatolia","34","2","","235","247","0","18","10.1080/13032917.2021.2015695","https://www.scopus.com/inward/record.uri?eid=2-s2.0-85122812303&doi=10.1080%2F13032917.2021.2015695&partnerID=40&md5=a2ce98f0c7c34add2d6e2954b95f8731","Department of Sociology, University of Évora, Evora, Portugal; Department of Marketing, Operations and Management, Iscte – Instituto Universitário de Lisboa, Lisbon, Portugal; Mercados e Gestão Industrial (CoMEG), Universidade Lusíada de Lisboa, Lisbon, Portugal; Sustainability and Well-being (CinTurs), Universidade do Algarve, Faro, Portugal","Rodrigues, Áurea L.O., Department of Sociology, University of Évora, Evora, Portugal; Loureiro, Sandra María Correia, Department of Marketing, Operations and Management, Iscte – Instituto Universitário de Lisboa, Lisbon, Portugal; Moraes, Michelle, Mercados e Gestão Industrial (CoMEG), Universidade Lusíada de Lisboa, Lisbon, Portugal; Pereira, Rosária Gomes, Sustainability and Well-being (CinTurs), Universidade do Algarve, Faro, Portugal","Astrotourism involves a variety of activities carried out during the night, requiring a deeper knowledge about the cognitive and emotional process that the tourist has and that leads to a memorable experience and loyalty. This study explores how (i) astrotourism stimuli are associated with cognitive states, designed by knowledge and involvement, (ii) cognitive states increase emotional states, represented by hedonism and refreshment, and (ii) emotional states generate responses, such as recommendation and loyalty. This study contributes to extending the S (stimulus) -O (organism) -R (response) framework by integrating cognitive appraisal theory and incorporating stimuli, cognitive and emotional states not used in the previous research. Recommendations for astrotourism destination managers are also discussed. © 2023 Elsevier B.V., All rights reserved.","astrotourism experience; cognitive appraisal; Memorable tourism experience; S(stimuli)-O(organism)-R(response) approach; tourist loyalty","cognition; tourism development; tourism management; tourist behavior; tourist destination","Á. Rodrigues; Department of Sociology and Interdisciplinary, Centre for History, Culture and Societies (CIDEHUS), Universidade de Évora, Evora, Portugal; email: aor@uevora.pt","","Routledge","13032917; 21566909","","","","English","Anatolia","Article","Final","","Scopus","2-s2.0-85122812303"
"Rodrigues, Á.; Loureiro, S.M.C.","Rodrigues, Áurea L.O. (18435322400); Loureiro, Sandra María Correia (27467492100)","18435322400; 27467492100","Analyzing the strength of novelty and meaningfulness in astrotourism experiences: the mediating role of hedonism","2022","Consumer Behavior in Tourism and Hospitality","17","4","","453","467","0","6","10.1108/CBTH-01-2022-0027","https://www.scopus.com/inward/record.uri?eid=2-s2.0-85146286137&doi=10.1108%2FCBTH-01-2022-0027&partnerID=40&md5=ff14736699e1fccdb449de9dc24533eb","Department of Sociology and CIDEHUS, Centro Interdisciplinar de História, Culturas e Sociedades, Evora, Portugal; Department of Marketing, Iscte – Instituto Universitário de Lisboa, Lisbon, Portugal","Rodrigues, Áurea L.O., Department of Sociology and CIDEHUS, Centro Interdisciplinar de História, Culturas e Sociedades, Evora, Portugal; Loureiro, Sandra María Correia, Department of Marketing, Iscte – Instituto Universitário de Lisboa, Lisbon, Portugal","Purpose: This study aims to explore the relationships among novelty, meaningfulness, hedonism and loyalty in the context of an astrotourism experience. Design/methodology/approach: Data were collected using a convenience sample at an astrotourism event in Portugal. A self‐administered questionnaire was designed using established scales. In total, 296 usable responses were analyzed using partial least square (PLS)-structural equation modeling. Findings: The result of the structural model shows that novelty and meaningfulness affect hedonism, which in turn influences loyalty. Novelty and meaningfulness contribute 62.8% to the variance in hedonism and 31.3% to the variability in loyalty. Originality/value: This study deepens knowledge of the tourist behavior of astrotourists. Destinations and managers that develop astrotourism activities can also benefit from deeper knowledge about the emotional process of the astrotourism experience and its impact on behavioral loyalty. © 2023 Elsevier B.V., All rights reserved.","Astrotourism; Behavioral loyalty; Hedonism; Meaningfulness; Novelty; PLS-SEM","consumption behavior; hedonic analysis; methodology; public attitude; tourist behavior; traditional knowledge; Missouri; Novelty; Portugal; United States","Á. Rodrigues; Department of Sociology and CIDEHUS, Interdisciplinary Centre for History, Cultures and Societies, University of Évora, Évora, Portugal; email: aor@uevora.pt","","Emerald Publishing","27526674; 27526666","","","","English","Consum. Behav. Hosp. Res.","Article","Final","","Scopus","2-s2.0-85146286137"
"Khetrapal, N.; Bhatia, D.","Khetrapal, Neha (57193782432); Bhatia, Divya (57204561468)","57193782432; 57204561468","Our brightly-lit future: Exploring the potential for astrotourism in Khajuraho (India)","2022","Canadian Geographies/Geographies Canadiennes","66","3","","621","627","0","7","10.1111/cag.12742","https://www.scopus.com/inward/record.uri?eid=2-s2.0-85123572686&doi=10.1111%2Fcag.12742&partnerID=40&md5=5933eb3f51bad2c6c33e15488ea94579","O.P. Jindal Global University, Sonipat, India; O.P. Jindal Global University, Sonipat, India","Khetrapal, Neha, O.P. Jindal Global University, Sonipat, India; Bhatia, Divya, O.P. Jindal Global University, Sonipat, India","The night skies have traditionally offered a means of navigation, symbolized the gods, and inspired architecture and creative planning. With the advent of urbanization and the consequent increase in artificial light at night (ALAN), humans have severed their connection with the skies. Some suggest that “astrotourism” may serve as a viable means of re-establishing this relationship. While astrotourism is usually used for referring to activities that revolve around stargazing with “aided” or “naked” eyes, we highlight that there is scope to include exploration of historic monument ensembles and night-time storytelling as a part of astrotourism. Focusing on Khajuraho, we further underscore that ALAN should be replaced with intelligent night lighting strategies to maximize the night-time travel experience for those who take inspiration from the dark skies to reconstruct the historical significance of heritage. As we gradually revitalize our relations with the nocturnal environment, it is hoped that the night skies will infuse our social practices, creative imagination, and historical appreciation with a new vigour. © 2022 Elsevier B.V., All rights reserved.","dark skies; heritage; monument; starlight reserve; travel","","N. Khetrapal; Jindal Institute of Behavioural Sciences, O.P. Jindal Global University, India; email: nkhetrapal@jgu.edu.in","","John Wiley and Sons Inc","15410064; 00083658","","","","English","Can. Geogr.","Article","Final","","Scopus","2-s2.0-85123572686"
"Escario-Sierra, F.; Álvarez-Alonso, C.; Fierro, J.A.; Sanagustín Fons, V.","Escario-Sierra, Francisco (57731291700); Álvarez-Alonso, César (57203568682); Fierro, José A.Moseñe (36547606100); Sanagustín Fons, María Victoria (58183681200)","57731291700; 57203568682; 36547606100; 58183681200","Sustainable Tourism, Social and Institutional Innovation—The Paradox of Dark Sky in Astrotourism","2022","Sustainability (Switzerland)","14","11","6419","","","0","9","10.3390/su14116419","https://www.scopus.com/inward/record.uri?eid=2-s2.0-85131535186&doi=10.3390%2Fsu14116419&partnerID=40&md5=ba08dceb968d658e119c49dc07c340af","Department of Psychology and Sociology, Universidad de Zaragoza, Zaragoza, Spain; Public Law and Economic Regulation, IE Universidad, Segovia, Spain; Department of Accounting and Finance, Universidad de Zaragoza, Zaragoza, Spain","Escario-Sierra, Francisco, Department of Psychology and Sociology, Universidad de Zaragoza, Zaragoza, Spain; Álvarez-Alonso, César, Public Law and Economic Regulation, IE Universidad, Segovia, Spain; Fierro, José A.Moseñe, Department of Accounting and Finance, Universidad de Zaragoza, Zaragoza, Spain; Sanagustín Fons, María Victoria, Department of Psychology and Sociology, Universidad de Zaragoza, Zaragoza, Spain","Astrotourism is an emerging type of sustainable tourism based on the observation of the dark sky, free of light pollution, and of all the experiences that have developed around it. The views and perceptions of the main social actors and their constellations and interactions are considered. Both the public decision-makers concerning astrotourism and the civil society involved were analysed in this research through a case study in Aragon, an inland Spanish region. New institutionalism in sociology based on the actors provides a coherent structural framework and explanation of the most relevant aspects in astrotourism in Aragon as well as help to understand the social and institutional innovation, in the sense that civil society has organised itself for many years to show and bring astronomy closer to the social majority; in light of this social reality, institutions have had to respond appropriately, taking and allowing for the participation of astronomical associations, in order to develop tourist experiences in relation to the appropriate dissemination of this science. Even more so, we studied the socioeconomic dynamics and territorial impacts. Thanks to the application of a qualitative method, specifically, semi-structured interviews with relevant informants in the territory, we discovered a hidden relevant social situation around astrotourism. Is the so called “paradox of dark sky” that emerges in communities where social welfare gains such as widespread access to artificial light are jeopardised by a new collective approach to artificial light control and light pollution that prevents high-impact emotional experiences around the dark sky, but takes into account that astrotourism is an opportunity for the endogenous and sustainable socioeconomic development of these forgotten areas. © 2022 Elsevier B.V., All rights reserved.","astrotourism; case study; sustainable tourism offer; territorial development","astronomy; civil society; ecotourism; light pollution; pollution; Aragon; Spain","V. Sanagustín-Fons; Department of Psychology and Sociology, University of Zaragoza, Zaragoza, 50009, Spain; email: vitico@unizar.es","","MDPI","20711050","","","","English","Sustainability","Article","Final","All Open Access; Gold Open Access; Green Final Open Access; Green Open Access","Scopus","2-s2.0-85131535186"
"Rodrigues, Á.; Loureiro, S.M.C.; Prayag, G.","Rodrigues, Áurea L.O. (18435322400); Loureiro, Sandra María Correia (27467492100); Prayag, Girish (16317566300)","18435322400; 27467492100; 16317566300","The wow effect and behavioral intentions of tourists to astrotourism experiences: Mediating effects of satisfaction","2022","International Journal of Tourism Research","24","3","","362","375","0","28","10.1002/jtr.2507","https://www.scopus.com/inward/record.uri?eid=2-s2.0-85121034680&doi=10.1002%2Fjtr.2507&partnerID=40&md5=16e9d21444799513671fb50b99d149ec","University of Évora, Evora, Portugal; Iscte – Instituto Universitário de Lisboa, Lisbon, Portugal; Department of Management, University of Canterbury, Christchurch, New Zealand","Rodrigues, Áurea L.O., University of Évora, Evora, Portugal; Loureiro, Sandra María Correia, Iscte – Instituto Universitário de Lisboa, Lisbon, Portugal; Prayag, Girish, Department of Management, University of Canterbury, Christchurch, New Zealand","The purpose of this study is to ascertain the effect of awe on tourist behavioral intentions for astrotourism destinations. Awe is theorized as a multi-dimensional concept with both cognitive and affective elements. A behavioral model depicting the relationships among awe, tourist satisfaction and behavioral intentions is proposed and examined among 304 tourists to the Dark Sky Party Alqueva in Portugal. Using partial-least squares structural equation modeling (PLS-SEM), the results indicate that awe directly affects tourist satisfaction and indirectly affects behavioral intentions when mediated by tourist satisfaction. Theoretical and managerial implications are presented. © 2022 Elsevier B.V., All rights reserved.","astrotourism experience; awe; behavioral intentions; PLS-SEM; satisfaction","least squares method; theoretical study; tourism management; tourist behavior; tourist destination; Portugal","Á. Rodrigues; CIDEHUS, University of Évora, Évora, Portugal; email: aor@uevora.pt","","John Wiley and Sons Ltd","15221970; 10992340","","","","English","Int. J. Tour. Res.","Article","Final","","Scopus","2-s2.0-85121034680"
"Florom-Smith, A.L.; Klingenberger, J.K.; DiBiase, C.P.","Florom-Smith, Aubrey L. (37101324000); Klingenberger, J. Karen (57407343200); DiBiase, Cathy P. (57407882000)","37101324000; 57407343200; 57407882000","Commercial space tourism: An integrative review of spaceflight participant psychological assessment and training","2022","REACH","25-26","","100043","","","0","2","10.1016/j.reach.2021.100043","https://www.scopus.com/inward/record.uri?eid=2-s2.0-85122632714&doi=10.1016%2Fj.reach.2021.100043&partnerID=40&md5=8ccf632bd31d8071b5beab6172a97844","Stanford Healthcare, Stanford, United States; Joint Base Langley-Eustis, Hampton, United States","Florom-Smith, Aubrey L., Stanford Healthcare, Stanford, United States; Klingenberger, J. Karen, Joint Base Langley-Eustis, Hampton, United States; DiBiase, Cathy P., ","Health issues typical of the expected commercial space tourism (CST) population are considered manageable, but less is known about the impact of psychological conditions on spaceflight participant (SFP) wellbeing and safety during spaceflight. Plans to detect and prepare SFP for potential effects of psychological conditions emerging during spaceflight are unknown and may be inadequate. The purpose of this integrative literature review was to identify CST operators’ plans for SFP psychological assessment and training. Forty-four (44) articles met inclusion criteria and were largely composed of grey and popular literature sourced online. Plans for SFP psychological assessment and training prior to CST were not found, although vague descriptions of training for specific CST opportunities and limited medical assessment information was located. An undisclosed or possibly non-existent psychological support approach will likely be insufficient to ensure SFP safety and optimal performance during emergencies. Instead, detailed and focused intentional screening of SFP should be completed by appropriate members of a transdisciplinary healthcare team at various phases of the spaceflight experience. Following assessment, collaborative decision making to develop training, interventions, and mitigation strategies in support of individual SFP psychological needs should occur before, during and after spaceflight. The strategies should align with standards of care and inform urgently-needed SFP research. Knowledge gained from future research will contribute to appropriate, effective SFP psychological assessments, intervention and training development, testing, and implementation, and overall management of SFP programs and strategy development aimed at optimizing the CST experience and goals. © 2022 Elsevier B.V., All rights reserved.","Aerospace psychology; Commercial space tourism; Mental health; Spaceflight participant; Tourist","","A.L. Florom-Smith; Stanford Health Care, Menlo Park, 301 Ravenswood Ave., AB Building, 2nd Floor, 94025, United States; email: AFloromSmith@stanfordhealthcare.org","","Elsevier GmbH","23523093","","","","English","REACH","Review","Final","","Scopus","2-s2.0-85122632714"
"Damjanov, K.","Damjanov, Katarina (55633058500)","55633058500","Commodity and the commons: accumulations of capital on the space frontier","2022","Journal of Cultural Economy","15","5","","584","598","0","4","10.1080/17530350.2022.2066709","https://www.scopus.com/inward/record.uri?eid=2-s2.0-85130630877&doi=10.1080%2F17530350.2022.2066709&partnerID=40&md5=5b00d1c65d51482828eebecd3fcee44f","Media and Communication, The University of Western Australia, Perth, Australia","Damjanov, Katarina, Media and Communication, The University of Western Australia, Perth, Australia","Designated as one of the global commons, outer space steadily matures as a commodity frontier at which to propel the designs and imaginaries of capitalist economy. While plans to mine the Moon, massify space tourism and colonise Mars are still works in development, the routes of its conquest expand exponentially down here on Earth, as its spectacular proceedings are mediated into a range of images, events, artefacts, samples, and experiences that disperse across the productive and reproductive ambits of terrestrial cultures. These spin-off commodities herald the evolution of the high-tech structures of power that seek to seize control over shared natural and social resources and temper the ways in which the species assembles around the commons of space. I attend to the endeavour to incorporate space into the capitalist world-system by exploring the cultural logics that precede and underpin its expansions along its ‘final frontier’. Highlighting the role of commodity in more-than planetary accumulations of capital, I suggest that its proliferation is not merely an outcome of nascent forms of technological imperialisms as they set out to claim their cosmic share, but a vital resource from which to thrust their appetites for production, consumption, and destruction out there. © 2022 Elsevier B.V., All rights reserved.","commodity frontier; global commons; Outer space; spectacle; technology","","K. Damjanov; Discipline of Media and Communication, The University of Western Australia, Perth, Australia; email: katarina.damjanov@uwa.edu.au","","Routledge","17530350; 17530369","","","","English","J. Cult. Econ.","Article","Final","","Scopus","2-s2.0-85130630877"
"Roman, M.; Kosiński, R.; Bhatta, K.; Niedziółka, A.; Krasnodȩbski, A.","Roman, Michał (57221056082); Kosiński, Robert (57219556393); Bhatta, Kumar (57210844277); Niedziółka, Arkadiusz (57194582755); Krasnodȩbski, Andrzej (35068210400)","57221056082; 57219556393; 57210844277; 57194582755; 35068210400","Virtual and Space Tourism as New Trends in Travelling at the Time of the COVID‐19 Pandemic","2022","Sustainability (Switzerland)","14","2","628","","","0","33","10.3390/su14020628","https://www.scopus.com/inward/record.uri?eid=2-s2.0-85122370686&doi=10.3390%2Fsu14020628&partnerID=40&md5=d1ca2a610509e0114ebc4efb1519cd77","Institute of Economics, Zagreb, Croatia; Department of Economics, Szkola Glówna Gospodarstwa Wiejskiego w Warszawie, Warsaw, Poland; Kyushu University, Fukuoka, Japan; Department of Business Management and Economics, Uniwersytet Rolniczy im. Hugona Kołłątaja w Krakowie, Krakow, Poland","Roman, Michał, Institute of Economics, Zagreb, Croatia; Kosiński, Robert, Department of Economics, Szkola Glówna Gospodarstwa Wiejskiego w Warszawie, Warsaw, Poland; Bhatta, Kumar, Kyushu University, Fukuoka, Japan; Niedziółka, Arkadiusz, Department of Business Management and Economics, Uniwersytet Rolniczy im. Hugona Kołłątaja w Krakowie, Krakow, Poland; Krasnodȩbski, Andrzej, Department of Business Management and Economics, Uniwersytet Rolniczy im. Hugona Kołłątaja w Krakowie, Krakow, Poland","The first European COVID‐19 infection was recorded in February 2020, and Poland fol-lowed in mid‐March. Restrictions were imposed on traveling between states and using public space. These movement restrictions forced a search for new, often innovative, forms of tourism. Google Earth virtual reality (VR), Google Street View, and the Chernobyl VR Project are just some of the selected opportunities to create virtual tours. Different activities using VR mean that people can experience the illusion of travelling in time and space, outside of their everyday surroundings, in a digitally constructed three‐dimensional (3D) environment, for cognition or entertainment. There-fore, this study aimed to present virtual and space tourism as new traveling trends during various crise,s such as health, economic, etc. A diagnostic survey with a developed questionnaire was conducted in June and July 2021 in Poland. A total of 564 fully answered responses were collected from randomly selected respondents. We found that around 82% of Polish people were aware of VR technology, and 70% believed that new technologies determine VR tourism development. VR pre-sents the possibility of travelling to places that no longer exist in their original form, but have been reconstructed only in VR. Around 75% of the respondents agreed that VR tourism plays an essential role in tourism promotion in Poland and throughout the world. Moreover, VR and augmented tourism lets us visit fictitious and dangerous, politically restricted, and geographically as well as eco-nomically difficult destinations. For example, our results revealed that many people want to experience North Korea, the USA, Antarctica, Syria, etc. At the same time, people recommended the NASA space station as a visiting destination using VR and augmented reality. VR offers an alternative form of tourism during crises and pandemics such as COVID‐19. We found over 26% of the respondents were satisfied with contemporary tourists’ cognitional needs during VR sightseeing. More than 87% of the respondents believed that VR tourism cannot substitute real‐world tourism in the long run. However, VR tourism will be more beneficial for developing countries facing diffi-culties in economic aspects, and easier than attaining visas to enter developed countries. Further-more, virtual sightseeing may also constitute an alternative for people who are disabled or sick, and who cannot undertake the effort of active tourism and explore tourist resources of the world on their own. © 2022 Elsevier B.V., All rights reserved.","Augmented reality; COVID‐19 pandemic; Health; Space tourism; Tourism trends; Virtual reality; Virtual tourism","cognition; COVID-19; public space; questionnaire survey; three-dimensional modeling; tourism market; tourist destination; virtual reality; North Korea; Poland [Central Europe]; Syrian Arab Republic; United States","K. Bhatta; Kyushu University Institute for Asian and Oceanian Studies, Fukuoka, Motooka 744, 819‐0395, Japan; email: kumar2bhatta@gmail.com","","MDPI","20711050","","","","English","Sustainability","Article","Final","All Open Access; Gold Open Access; Green Accepted Open Access; Green Open Access","Scopus","2-s2.0-85122370686"
"Laing, J.; Frost, W.","Laing, Jennifer H. (7006035125); Frost, Warwick (55603022200)","7006035125; 55603022200","Exploring prosocial and environmental motivations of frontier tourists: implications for sustainable space tourism","2022","Journal of Sustainable Tourism","30","9","","2254","2270","0","30","10.1080/09669582.2021.1897131","https://www.scopus.com/inward/record.uri?eid=2-s2.0-85102516263&doi=10.1080%2F09669582.2021.1897131&partnerID=40&md5=258b38739525d7c1fa6758babc3f1fce","Sport and Tourism, La Trobe University, Melbourne, Australia","Laing, Jennifer H., Sport and Tourism, La Trobe University, Melbourne, Australia; Frost, Warwick, Sport and Tourism, La Trobe University, Melbourne, Australia","While there are plans for spacecraft to take private travellers to the edge of space, we are yet to see this occur beyond a few individuals. Before this happens in larger numbers, research is needed about the sustainability of private space flight, including potential travellers’ awareness of and views about the environmental implications of their spaceflight. This article aims to address this gap by examining the travel motivations of frontier tourists–those individuals who seek to visit some of the most fragile locations on and off the planet, including outer space–connected to the environmental sustainability of this travel. Given space tourism is a subset of frontier tourism, studying the latter might help us to understand the behaviour of the nascent space tourist. Qualitative interviews with frontier tourists were conducted and analysed using grounded theory techniques. While participants referred to the unspoilt characteristics of places, untainted by human activity, as an integral part of their travel experience, many did not see the paradox inherent in this travel. Some who did referred to prosocial motivations connected to environmental causes and saw themselves as ambassadors for conservation. The article concludes with the implications of these findings for sustainable space tourism. © 2022 Elsevier B.V., All rights reserved.","ambassador; citizenship; environment; frontier; prosocial motivation; Space tourism","citizenship; psychology; spacecraft; sustainability; tourism; tourist behavior","J. Frost; Management, Sport and Tourism, La Trobe University, Melbourne, Australia; email: jennifer.laing@latrobe.edu.au","","Routledge","17477646; 09669582","","","","English","J. Sustainable Tour.","Article","Final","","Scopus","2-s2.0-85102516263"
"Scott, M.","Scott, Malcolm (57219128778)","57219128778","A space tourism destination: environmental, geopolitical and tourism branding considerations for New Zealand as a ‘launch state’","2022","Journal of Sustainable Tourism","30","9","","2240","2253","0","28","10.1080/09669582.2020.1817049","https://www.scopus.com/inward/record.uri?eid=2-s2.0-85091346197&doi=10.1080%2F09669582.2020.1817049&partnerID=40&md5=1680193dfffc0c440a44b669d3048798","UC Business School, University of Canterbury, Christchurch, New Zealand","Scott, Malcolm, UC Business School, University of Canterbury, Christchurch, New Zealand","Favourable media coverage and the New Zealand space agency’s focus on commercial opportunities, positioned within the Ministry of Business Innovation & Employment that is also responsible for tourism, provides a basis for a developing space tourism industry. There are many possible environmental, cultural, and geo-political consequences to being a space launch state with implications for tourism, sustainability, and tourism branding. The ‘100% PURE NEW ZEALAND’ tourism brand in use since 1999 has received on-going criticism from various sources in response to reports of wide-spread environmental degradation in New Zealand, dairy farm conversions causing nitrate run-off and contamination of waterways, and New Zealand’s comparatively high per-capita level of greenhouse gas emissions. The establishment of commercial space launch operations, and the ancillary industrial and service facilities required, opens a new dimension of environmental hazard for New Zealand that has not been considered in the space launch legislation, or any other existing legislation, for regulating the environmental impact of rocket powered high altitude and space vehicles. This paper will examine the environmental, cultural, geopolitical and regulatory issues for New Zealand as a space launch state, and the likely implications for sustainable tourism, tourism branding, and New Zealand as a space tourism destination. © 2022 Elsevier B.V., All rights reserved.","environmental hazard; New Zealand; space tourism; sustainability; tourism branding","environmental impact assessment; environmental protection; geopolitics; hazard assessment; legislation; sustainability; tourist destination; New Zealand","M. Scott; UC Business School, College of Business and Law, University of Canterbury, Christchurch, New Zealand; email: malcolm.scott@canterbury.ac.nz","","Routledge","17477646; 09669582","","","","English","J. Sustainable Tour.","Article","Final","","Scopus","2-s2.0-85091346197"
"Toivonen, A.","Toivonen, Annette (57217531333)","57217531333","Sustainability dimensions in space tourism: the case of Finland","2022","Journal of Sustainable Tourism","30","9","","2223","2239","0","52","10.1080/09669582.2020.1783276","https://www.scopus.com/inward/record.uri?eid=2-s2.0-85087356448&doi=10.1080%2F09669582.2020.1783276&partnerID=40&md5=b47fa1bd3d953d17f5afc04e8e90934d","Lapin Yliopisto, Rovaniemi, Finland","Toivonen, Annette, Lapin Yliopisto, Rovaniemi, Finland","The current emergence of a new space economy is leading to the exploration of outer space towards unforeseen futures. Space tourism is a new addition to the tourism industry, prompted in large part by adventure-seeking individualism and potentially lucrative private business prospects. However, in light of the current megatrend of environmentalism, different space tourism activities are facing climate change-related challenges to convince the greater public of their necessity, especially as the high cost involved for suborbital space travel limits it to a niche adventure activity for the wealthy. This article explores the views held by the Finnish populace in relation to space tourism and sustainability through an empirical study. The data are derived from two surveys: the first gathering Finnish public opinion on space tourism’s sustainability with the use of principal component analysis; the second utilising a professional Delphi panel for qualitative explanations. The findings, analysed using grounded theory, can be compressed into four dimensions–“virtual travel”, “comparative fairness”, “technological innovations” and “ecopolitics”–through which actions towards sustainability in space tourism might be enhanced in different national planning strategies. © 2022 Elsevier B.V., All rights reserved.","Delphi method; new space economy; Space tourism; sustainable tourism development; virtual travel","climate change; Delphi analysis; individualism; national planning; sustainable development; tourism development; Finland","A. Toivonen; Multidimensional Tourism Institute/University of Lapland, Finland; email: annette.toivonen@gmail.com","","Routledge","17477646; 09669582","","","","English","J. Sustainable Tour.","Article","Final","","Scopus","2-s2.0-85087356448"
"Cohen, E.; Spector, S.","Cohen, Erik (7403589512); Spector, Samuel (55233532200)","7403589512; 55233532200","Comparative visions of cosmic expansion: implications for sustainability","2022","Journal of Sustainable Tourism","30","9","","2207","2222","0","3","10.1080/09669582.2020.1777142","https://www.scopus.com/inward/record.uri?eid=2-s2.0-85087018961&doi=10.1080%2F09669582.2020.1777142&partnerID=40&md5=e72bb6996940d86ffaa95fa3e7278539","Hebrew University of Jerusalem, Jerusalem, Israel; Department of Management, University of Canterbury, Christchurch, New Zealand","Cohen, Erik, Hebrew University of Jerusalem, Jerusalem, Israel; Spector, Samuel, Department of Management, University of Canterbury, Christchurch, New Zealand","The visions of the primary protagonists of the development of outer space diverge in terms of both their motives for and means of extending life into the cosmos. The present article analyses the implications for sustainability associated with the visions of three prominent entities–the National Aeronautics and Space Administration (NASA), the ‘space entrepreneurs’ who lead the private spaceflight industry (such as Elon Musk, Richard Branson, and Jeff Bezos), and transhumanists. This latter category aims to accelerate evolutionary processes to transform humans into a new ‘posthuman’ species which will be imbued with a greatly extended lifespan and other capabilities that enhance survivability in outer space. Due to the inchoate nature of safer and more affordable spaceflight, it is currently unclear which vision of space development will come to fruition. As explored in this article, the proposals advocated by NASA, space entrepreneurs, and transhumanists are associated with divergent implications for sustainability. Trade-off decisions must be made in terms of whether to minimise impacts on Earth, other celestial bodies, or the human form. While it is currently unclear which vision will eventuate, the process of space exploration and settlement is poised to considerably alter current conceptualisations of sustainability. © 2022 Elsevier B.V., All rights reserved.","posthumanism; posthumanism; Space tourism; sustainable development; sustainable tourism; transhumanism","comparative study; conceptual framework; sustainability; sustainable development; tourism management","E. Cohen; Department of Sociology and Anthropology Hebrew University of Jerusalem, Jerusalem, Israel; email: erik.cohen@mail.huji.ac.il","","Routledge","17477646; 09669582","","","","English","J. Sustainable Tour.","Article","Final","","Scopus","2-s2.0-85087018961"
"Nalewaik, A.; Williams, N.","Nalewaik, Alexia A. (55934775200); Williams, Nigel L. (55232599000)","55934775200; 55232599000","Emergent and unexpected sources of value from radio astronomy projects","2021","","","","","59","64","0","1","10.1109/E-TEMS51171.2021.9524861","https://www.scopus.com/inward/record.uri?eid=2-s2.0-85115414430&doi=10.1109%2FE-TEMS51171.2021.9524861&partnerID=40&md5=d93fdf8111fdc57618044c9e7af96e34","National Radio Astronomy Observatory, Charlottesville, United States; Organizations and Systems Management, University of Portsmouth, Portsmouth, United Kingdom","Nalewaik, Alexia A., National Radio Astronomy Observatory, Charlottesville, United States; Williams, Nigel L., Organizations and Systems Management, University of Portsmouth, Portsmouth, United Kingdom","Construction projects are under increasing pressure from local communities to deliver Societal Value (SV), defined as integrated social and environmental value. Societal Value delivery requires the co-creation of value outcomes with environmental and community stakeholders, in addition to the functional benefits of the project. The aim of this research is to advance understanding of the conceptualisation and practise of Societal Value in capital projects. This paper will summarise existing research and key concepts in the delivery of Societal Value, applying examples from both existing and planned radio astronomy projects such as the Very Large Array (VLA, USA) and Next-Generation Very Large Array (ngVLA, USA), Square Kilometre Array (SKA, South Africa and Australia), Arecibo (NAIC, Puerto Rico), Ghana Radio Telescope Observatory, and Atacama Large Millimeter / submillimeter Array (ALMA, Chile). Such projects are built in rural areas, bringing services, infrastructure, jobs, education, and astrotourism to surrounding communities. Answering these research questions can lead to the development of a societal value framework for construction projects, including metrics and an audit methodology, for use by organisations and governments in practising project assurance. © 2021 Elsevier B.V., All rights reserved.","Assurance; Construction; Radio astronomy; Rural communities; Societal value; Sustainability","Radio astronomy; Rural areas; Assurance; Construction projects; Environmental values; Local community; Rural community; Social and environmental; Social values; Societal value; Value delivery; Very large arrays; Sustainable development","","","Institute of Electrical and Electronics Engineers Inc.","","9781665419789","","","English","IEEE Eur. Technol. Eng. Manag. Summit, E-TEMS - Conf. Proc.","Conference paper","Final","","Scopus","2-s2.0-85115414430"
"Tapada, A.; Marques, C.S.; Marques, C.P.; Costa, C.","Tapada, Alberto (57217029951); Marques, Carla Susana E. (35224980700); Marques, Carlos Peixeira (57383877500); Costa, Carlos Manuel Martins (57200196514)","57217029951; 35224980700; 57383877500; 57200196514","Astrotourism: A literature review and framework for future research","2021","Enlightening Tourism","11","2","","291","331","0","7","10.33776/et.v11i2.5189","https://www.scopus.com/inward/record.uri?eid=2-s2.0-85121329552&doi=10.33776%2Fet.v11i2.5189&partnerID=40&md5=992aeed719752a448385db760544e6cf","University of Trás-os-Montes and Alto Douro, Vila Real, Portugal; Universidade de Aveiro, Aveiro, Portugal","Tapada, Alberto, University of Trás-os-Montes and Alto Douro, Vila Real, Portugal; Marques, Carla Susana E., University of Trás-os-Montes and Alto Douro, Vila Real, Portugal; Marques, Carlos Peixeira, University of Trás-os-Montes and Alto Douro, Vila Real, Portugal; Costa, Carlos Manuel Martins, Universidade de Aveiro, Aveiro, Portugal","Astrotourism consists of activities focused on observing night skies and celestial phenomena in natural spaces, which contributes to communities’ involvement, empowerment and participation and to regional development. In addition to documenting the increased academic research on astrotourism, this literature review sought to construct a general theoretical framework for this field by analysing scholars’ contributions and highlighting the ways in which this topic has been viewed over time. The analyses were based on the academic publications on astrotourism indexed in the Scopus and Web of Science databases up to 2019. A total of 61 documents were subjected to a selection process and eligibility analysis until the sample was reduced to a final set of 42 articles. Qualitative methods were applied to cluster the articles into three themes and analyse each document. This study appears to be the first literature review focused on astrotourism. The results highlight the most researched themes over the years, investigations’ characteristics and gaps in the literature that open doors for future empirical research. The main issues already addressed by the academic community are related to the problems of light pollution, sustainability and regional development, among others, but much room remains for other studies. © 2021 Elsevier B.V., All rights reserved.","Astrotourism; Literature Review; Local Community; Starlight Tourism Destination; Sustainable Development","","","","Universidad de Huelva","2174548X","","","","English","Enlight. Tour.","Article","Final","All Open Access; Gold Open Access; Green Accepted Open Access; Green Open Access","Scopus","2-s2.0-85121329552"
"Pásková, M.; Budinská, N.; Zelenka, J.","Pásková, Martina (6506217473); Budinská, Nicol (57221440574); Zelenka, Josef (16232025000)","6506217473; 57221440574; 16232025000","Astrotourism-exceeding limits of the earth and tourism definitions?","2021","Sustainability (Switzerland)","13","1","373","1","25","0","19","10.3390/su13010373","https://www.scopus.com/inward/record.uri?eid=2-s2.0-85099169887&doi=10.3390%2Fsu13010373&partnerID=40&md5=98cbffc8411b5c2262a2a71ec49e4122","Faculty of Informatics and Management, Univerzita Hradec Králové, Hradec Kralove, Czech Republic","Pásková, Martina, Faculty of Informatics and Management, Univerzita Hradec Králové, Hradec Kralove, Czech Republic; Budinská, Nicol, Faculty of Informatics and Management, Univerzita Hradec Králové, Hradec Kralove, Czech Republic; Zelenka, Josef, Faculty of Informatics and Management, Univerzita Hradec Králové, Hradec Kralove, Czech Republic","Emerging forms of alternative or even niche tourism represent a dynamic trend in tourism development. Astrotourism is completely off the beaten path. The aim of this study is to provide a deeper insight into this phenomenon. It strives to reveal motivations, experiences, and perceptions of its participants. It also aspires to propose its complex definition as an activity including both terrestrial astrotourism and space tourism. It is suggested to perceive it not only as a form of alternative and/or niche tourism, but also that of mass and professional tourism. To reach these objectives, the authors analyzed relevant published studies and astrotourism products presented on relevant websites and social media. They elaborated the collected secondary data by mental mapping and the comparative analysis of terrestrial and space tourism products. Moreover, the authors collected primary data through a survey with open-ended questions addressed to persons interested in astrotourism and through semi-structured interviews with terrestrial astrotourism participants and personalities. The results provide insight into both the specifity and variability of astrotourism and their typical products, as well as a discussion of their future trends. They also bring a motivation spectrum for the astrotourism participants and benefits perceived by them. © 2021 Elsevier B.V., All rights reserved.","Archaeoastronomy; Astrotourism; Space tourism; Terrestrial astrotourism; Tourism participant motivation","comparative study; mapping method; mental health; participatory approach; questionnaire survey; tourism","J. Zelenka; Faculty of Informatics and Management, University of Hradec Králové, Hradec Králové, 500 03, Czech Republic; email: josef.zelenka@uhk.cz","","MDPI AG","20711050","","","","English","Sustainability","Article","Final","All Open Access; Gold Open Access; Green Accepted Open Access; Green Open Access","Scopus","2-s2.0-85099169887"
"García-Delgado, F.J.; Martínez-Puche, A.; Loís-González, R.C.","García-Delgado, F. Javier (57219393922); Martínez-Puche, Antonio (57192938280); Loís-González, Rubén Camilo (6507435431)","57219393922; 57192938280; 6507435431","Heritage, tourism and local development in peripheral rural spaces: Mértola (Baixo Alentejo, Portugal)","2020","Sustainability (Switzerland)","12","21","9157","","","0","35","10.3390/su12219157","https://www.scopus.com/inward/record.uri?eid=2-s2.0-85095128807&doi=10.3390%2Fsu12219157&partnerID=40&md5=1e9d976854a2f3bd1e769a384874ea54","Department of History, Universidad de Huelva, Huelva, Spain; Department of Human Geography, Universitat d'Alacant, Alicante, Spain; Department of Geography, Universidade de Santiago de Compostela, Santiago de Compostela, Spain","García-Delgado, F. Javier, Department of History, Universidad de Huelva, Huelva, Spain; Martínez-Puche, Antonio, Department of Human Geography, Universitat d'Alacant, Alicante, Spain; Loís-González, Rubén Camilo, Department of Human Geography, Universitat d'Alacant, Alicante, Spain, Department of Geography, Universidade de Santiago de Compostela, Santiago de Compostela, Spain","In the context of multiple repurposing of rural spaces, tourism represents a path for development, with the potential to revitalize these areas. The conservation and restoration of heritage, and its promotion through tourism, can become an opportunity for local development, in which a range of stakeholders fulfil different roles in the carrying out of the processes involved. The aim of the study was to analyse the heritagisation processes and their tourist value enhancement and how it affects local development in Mértola (Baixo Alentejo, Portugal). A series of interviews with the chief stakeholders in the process were conducted, from which the contexts and conceptualisations of development were determined. On the basis of secondary data in terms of statistics, an analysis of the impacts of the process of heritagisation and the development of tourism was undertaken. The main conclusions drawn by the research are the following: (a) the importance of the process of heritagisation in Mértola; (b) the viability of the project, given the cost and lack of comprehensive conservation, in creating a unified whole; (c) the performance of, and power relationships between, the various stakeholders; (d) the limited participation of locals due to disaffection with the project; (e) the correlation between heritage, rural tourism, and local development. © 2025 Elsevier B.V., All rights reserved.","Disaffected citizens; Heritagisation; Local development; Peripheral areas; Stakeholders; Sustainable rural tourism","correlation; heritage tourism; local participation; peripheral region; research work; rural area; rural development; stakeholder; Alentejo; Portugal","R.C. Lois-González; Department of Human Geography, University of Alicante, San Vicente del Raspeig, Alicante, 03080, Spain; email: rubencamilo.lois@usc.es; R.C. Lois-González; Department of Human Geography, University of Alicante, San Vicente del Raspeig, Alicante, 03080, Spain; email: rubencamilo.lois@usc.es","","Multidisciplinary Digital Publishing Institute (MDPI)","20711050","","","","English","Sustainability","Article","Final","All Open Access; Gold Open Access; Green Accepted Open Access; Green Open Access","Scopus","2-s2.0-85095128807"
"Blundell, E.; Schaffer, V.; Moyle, B.D.","Blundell, Ella (57217632707); Schaffer, Vikki (55258935900); Moyle, Brent Don (36440163600)","57217632707; 55258935900; 36440163600","Dark sky tourism and the sustainability of regional tourism destinations","2020","Tourism Recreation Research","45","4","","549","556","0","17","10.1080/02508281.2020.1782084","https://www.scopus.com/inward/record.uri?eid=2-s2.0-85087448384&doi=10.1080%2F02508281.2020.1782084&partnerID=40&md5=03d8715c8796c5666d0008de5ffa59a0","USC Business School, Sippy Downs, Australia; Griffith Business School, Brisbane, Australia","Blundell, Ella, USC Business School, Sippy Downs, Australia; Schaffer, Vikki, USC Business School, Sippy Downs, Australia; Moyle, Brent Don, Griffith Business School, Brisbane, Australia","Destinations across the globe face severe and potentially irreversible consequences from tourism growth and development. Contemporary approaches such as reducing access or site closures have been identified to increase demand, potentially exacerbating negative impacts. Despite acknowledgement of the impacts of tourism, limited studies have considered the ‘night sky’ as a tourism destination, nor the implications for regional sustainability. Consequently, the aim of this research is to explore the intersection between Dark sky tourism (DST) and sustainability within regional tourism. Semi-structured interviews were conducted in the Murweh Shire, in outback Australia. The analysis revealed sustainability, ethics and education as critical to achieving sustainable DST in a regional setting. A core contribution of this research is a conceptual model for sustainable DST. Future research is required to further explore ethics as a critical, yet often neglected, component of sustainable tourism. © 2020 Elsevier B.V., All rights reserved.","Dark; ethics; night; sky; sustainability","","E. Blundell; USC Business School, University of the Sunshine Coast, Sunshine Coast, Australia; email: ella.blundell1996@gmail.com","","Taylor and Francis Ltd.","02508281","","","","English","Tour. Recreat. Res.","Article","Final","","Scopus","2-s2.0-85087448384"
"Harrington, A.","Harrington, Andrea J. (57193775389)","57193775389","Insurance as Governance for Outer Space Activities","2020","Astropolitics","18","2","","99","121","0","11","10.1080/14777622.2020.1786300","https://www.scopus.com/inward/record.uri?eid=2-s2.0-85089283769&doi=10.1080%2F14777622.2020.1786300&partnerID=40&md5=bd3ce972bfba326542beffbf67bffbc8","Air Command and Staff College, Maxwell-Gunter Air Force Base, Montgomery, United States","Harrington, Andrea J., Air Command and Staff College, Maxwell-Gunter Air Force Base, Montgomery, United States","Despite sixty-plus years of technological development, space activities are still ultra-hazardous in nature. These activities range from essential to modern life, like telecommunications, to futuristic and forward thinking, such as space tourism. In order for these activities to not only continue but also develop and grow, their inherent risk must be managed. Political will is lacking at an international level to create new binding rules for activities in space. Likewise, states are reluctant to unilaterally impose stricter, even if ultimately beneficial, regulations on their entities for fear that their domestic industries will flee abroad to greener pastures, creating a regulatory prisoner’s dilemma. States also usually require certain levels of insurance and indemnification to protect themselves against potentially costly mishaps. Likewise, banks and investors will often require insurance to protect their investments, as space business tends to be costly. Thus, a disproportionate amount of responsibility and authority can be transferred to a small number of global space insurers. They may be uniquely positioned to enforce, or at least promote, mechanisms to increase safety and sustainability in the commercial space industry. Increasing safety and sustainability in outer space may help to keep insurance premium costs from growing out of control for these hazardous activities. This article analyzes the sociolegal literature on risk and insurance as governance and applies these concepts to the space sector, considering the possibility that space insurers have become de facto regulators in space and exploring the implications of that possibility. © 2020 Elsevier B.V., All rights reserved.","","","A. Harrington; Air Command and Staff College, Air University, Maxwell AFB, United States; email: andrea.harrington.1@au.af.edu","","Routledge info@tandf.co.uk","14777622; 15572943","","","","English","Astropolitics","Article","Final","","Scopus","2-s2.0-85089283769"
"Toivonen, A.","Toivonen, Annette (57217531333)","57217531333","Sustainable Space Tourism: An Introduction","2020","","","","","1","172","0","2","10.21832/TOIVON8021","https://www.scopus.com/inward/record.uri?eid=2-s2.0-85138986285&doi=10.21832%2FTOIVON8021&partnerID=40&md5=564efb2c73087dc278b459123e620c03","Haaga-Helia University Of Applied Sciences, Helsinki, Finland","Toivonen, Annette, Haaga-Helia University Of Applied Sciences, Helsinki, Finland","This book explores the relationship between space tourism and the discourse in sustainability and futures research. It offers comprehensive information on the current understanding of the space tourism industry and assesses the possible impacts of space tourism on the environment, economics, legislation and society. The volume aims to encourage more dialogue and critical examinations of aspects of space tourism related to future sustainability. From data gathered from empirical research, it provides a vision for the future of sustainable space tourism. It will be of interest to students and researchers in tourism, sustainability and futures studies, as well as individual space tourist ‘hopefuls’, space tourism industry operators and tourism policy regulators. © 2022 Elsevier B.V., All rights reserved.","","","","","Channel View Publications","","9781845418021; 9781845418038","","","English","Sustainable Space Tourism: An Introduction","Book","Final","","Scopus","2-s2.0-85138986285"
"Dickens, P.","Dickens, Peter (7004667087)","7004667087","SOCIAL RELATIONS, SPACE TRAVEL, AND THE BODY OF THE ASTRONAUT","2019","Tourism Social Science Series","25","","","203","222","0","5","10.1108/S1571-504320190000025019","https://www.scopus.com/inward/record.uri?eid=2-s2.0-85140625965&doi=10.1108%2FS1571-504320190000025019&partnerID=40&md5=9709171d0efc86299ee0f72f48c41bda","University of Cambridge, Cambridge, United Kingdom","Dickens, Peter, University of Cambridge, Cambridge, United Kingdom","Space tourism is often represented as an extended version of tourism on the Earth, with tourists experiencing relaxed and trouble-free experiences. But parallels between travel on the Earth and in outer space are misleading. The latter raises major issues concerning power-relations between passengers, pilots, and ground control. Who has the power in space tourism and how is this power exercised? The literature underestimates potential dangers to the human body. These include short-and long-term risks stemming from microgravity, exposure to radiation, and rapidly changing switches between day and night. These problems further undermine the popular image of space tourism as a wholesome and joyous practice. Space tourism may well be a very expensive way of achieving ill health. © 2022 Elsevier B.V., All rights reserved.","human health; power; space tourism; the body","","","","Emerald Publishing","15715043","9780857246837; 9781781902127; 9781781902134","","","English","Tour. Soc. Sci. Ser.","Book chapter","Final","","Scopus","2-s2.0-85140625965"
"Laing, J.; Frost, W.","Laing, Jennifer H. (7006035125); Frost, Warwick (55603022200)","7006035125; 55603022200","EXPLORING MOTIVATIONS OF POTENTIAL SPACE TOURISTS","2019","Tourism Social Science Series","25","","","141","161","0","16","10.1108/S1571-504320190000025008","https://www.scopus.com/inward/record.uri?eid=2-s2.0-85140615272&doi=10.1108%2FS1571-504320190000025008&partnerID=40&md5=81cec4688aed1ac58bdde304914bcc3b","La Trobe University, Melbourne, Australia","Laing, Jennifer H., La Trobe University, Melbourne, Australia; Frost, Warwick, La Trobe University, Melbourne, Australia","While there have been several quantitative studies about potential motivations for space tourism, there is a lack of qualitative research which explores these motivations in greater scope and depth. This chapter, based on the data gathered from face-to-face, telephone, and online interviews of potential space tourists, identifies nine likely motivations for space tourism, with hedonic examples such as thrill-seeking or risk-taking; eudaimonic examples such as challenge, curiosity, spirituality, and nostalgia; and extrinsic cases such as seeking distinction or a desire to motivate and assist others. Suggestions are made for marketing future space tourism experiences, as well as recommendations for succeeding research. © 2022 Elsevier B.V., All rights reserved.","eudaimonic; experience; hedonic; motivation; space tourist","","","","Emerald Publishing","15715043","9780857246837; 9781781902127; 9781781902134","","","English","Tour. Soc. Sci. Ser.","Book chapter","Final","","Scopus","2-s2.0-85140615272"
"Spector, S.; Higham, J.","Spector, Samuel (55233532200); Higham, J. E.S. (7004174711)","55233532200; 7004174711","SPACE TOURISM, THE ANTHROPOCENE, AND SUSTAINABILITY","2019","Tourism Social Science Series","25","","","245","262","0","8","10.1108/S1571-504320190000025021","https://www.scopus.com/inward/record.uri?eid=2-s2.0-85140594087&doi=10.1108%2FS1571-504320190000025021&partnerID=40&md5=3751196a8c93037f81aa0e6c791d506c","University of Canterbury, Christchurch, New Zealand; University of Otago, Dunedin, New Zealand","Spector, Samuel, University of Canterbury, Christchurch, New Zealand; Higham, J. E.S., University of Otago, Dunedin, New Zealand","Conceptualizations of sustainability and the Anthropocene are expressed in static terms, with the Earth’s biosphere viewed as imposing immutable limits. Yet, increased access to outer space, with tourism as an important facilitator, challenges past limitations. This chapter examines the implications of advances in space tourism for the concepts of sustainability and the Anthropocene. The former is complicated by access to outer space, which may bring about a raft of calamities but also potentially immense resources and even the possibility of ensuring our species’ long-term survival by settling the cosmos. This chapter also analyzes problems incurred by the Anthropocene’s emphasis on terrestrial geology in an era of increasing ability to leave the Earth. © 2022 Elsevier B.V., All rights reserved.","Anthropocene; limits to growth; mobility; space tourism; sustainability","","","","Emerald Publishing","15715043","9780857246837; 9781781902127; 9781781902134","","","English","Tour. Soc. Sci. Ser.","Book chapter","Final","","Scopus","2-s2.0-85140594087"
"Cater, C.","Cater, Carl Iain (10440261100)","10440261100","HISTORY OF SPACE TOURISM","2019","Tourism Social Science Series","25","","","51","66","0","15","10.1108/S1571-504320190000025003","https://www.scopus.com/inward/record.uri?eid=2-s2.0-85140583818&doi=10.1108%2FS1571-504320190000025003&partnerID=40&md5=129d73ee5040651cf9097dbd18c7adf0","Swansea University, Swansea, United Kingdom","Cater, Carl Iain, Swansea University, Swansea, United Kingdom","This chapter examines the historical development of space tourism from early wondering at the heavens to more recent extraterrestrial astrotourism. It catalogs the development of the significant terrestrial space tourism market, including dark-sky tourism, launch tours, zero-G flights, and edutainment experiences, as part of a “steps to space” for costlier future developments in space tourism. Recent developments in the suborbital sector initiated by the XPRIZE and spearheaded by Virgin Galactic are the next stage in this product lad-der. All these draw on a rich history of space exploration imagined, virtual, and real that frames how future developments in space tourism can be viewed. © 2022 Elsevier B.V., All rights reserved.","","","","","Emerald Publishing","15715043","9780857246837; 9781781902127; 9781781902134","","","English","Tour. Soc. Sci. Ser.","Book chapter","Final","","Scopus","2-s2.0-85140583818"
"Henderson, I.L.; Tsui, W.H.K.","Henderson, Isaac Levi (57198886689); Tsui, Kan Wai Hong (56742923100)","57198886689; 56742923100","The role of niche aviation operations as tourist attractions","2019","","","","","233","244","0","11","10.1016/B978-0-12-812857-2.00017-8","https://www.scopus.com/inward/record.uri?eid=2-s2.0-85081296146&doi=10.1016%2FB978-0-12-812857-2.00017-8&partnerID=40&md5=68022b064e6a6c3f6f1cffc63aed7134","Massey University, Palmerston North, New Zealand","Henderson, Isaac Levi, Massey University, Palmerston North, New Zealand; Tsui, Kan Wai Hong, Massey University, Palmerston North, New Zealand","This chapter seeks to highlight the important relationship between tourism and niche aviation operations. The focus will be on four key areas of tourism that are serviced by niche aviation operations: (1) adventure tourism, (2) scenic tourism, (3) heritage tourism, and (4) space tourism. The nature of novelty and memorable tourist experiences will be outlined and related to why niche aviation operations have become an important part of the tourism industry. Examples of niche aviation operators will be presented to show how innovation in niche aviation operations could provide potential for further growth within the tourism and aviation industries. © 2021 Elsevier B.V., All rights reserved.","Adventure tourism; Heritage tourism; Niche aviation operations; Scenic tourism; Space tourism","","","","Elsevier","","9780128128572; 9780128128589","","","English","Air Transport - A Tourism Perspective","Book chapter","Final","","Scopus","2-s2.0-85081296146"
"Damjanov, K.; Crouch, D.","Damjanov, Katarina (55633058500); Crouch, David (7102212727)","55633058500; 7102212727","VIRTUAL REALITY AND SPACE TOURISM","2019","Tourism Social Science Series","25","","","117","137","0","19","10.1108/S1571-504320190000025007","https://www.scopus.com/inward/record.uri?eid=2-s2.0-85079754988&doi=10.1108%2FS1571-504320190000025007&partnerID=40&md5=c63e35d10730d628ce4fc0f19b2c2903","The University of Western Australia, Perth, Australia","Damjanov, Katarina, The University of Western Australia, Perth, Australia; Crouch, David, The University of Western Australia, Perth, Australia","Virtual reality technologies have given rise to a new breed of space travel, enabling touring of cosmic environments without leaving the Earth. These tours democratize participation in space tourism and expand its itineraries reproducing while also altering the practices of tourism itself. The chapter explores the ways in which they alter modes of establishing “authentic” tourism destinations and experiences, rendering outer space into a stage for the performance of space travel, while themselves facilitating novel avenues for its social organization and technological assertion. Virtual space tourism not only reflects the progression and metamorphoses in tourist practice and production but also has the potential to influence both the aspirations and prospects of our space futures. © 2022 Elsevier B.V., All rights reserved.","experience; media technologies; simulation; touring; virtual reality","","","","Emerald Publishing","15715043","9780857246837; 9781781902127; 9781781902134","","","English","Tour. Soc. Sci. Ser.","Book chapter","Final","All Open Access; Bronze Open Access","Scopus","2-s2.0-85079754988"
"Koshim, A.G.; Sergeyeva, A.M.; Saparov, K.T.; Wendt, J.A.","Koshim, Asyma Galimzhankyzy (56127312400); Sergeyeva, Aigul Maksatovna (56127342800); Saparov, Kuat T. (57194424277); Wendt, Jan A. (57190426820)","56127312400; 56127342800; 57194424277; 57190426820","Development of scientific tourism at Baikonur Cosmodrome Kazakhstan","2019","Geojournal of Tourism and Geosites","24","1","","267","279","0","18","10.30892/gtg.24121-358","https://www.scopus.com/inward/record.uri?eid=2-s2.0-85064244089&doi=10.30892%2Fgtg.24121-358&partnerID=40&md5=23adbbe575c76109aabcd6181f54e469","Al Farabi Kazakh National University, Almaty, Kazakhstan; Department of Geography and Tourism, K. Zhubanov Aktobe Regional University, Aktobe, Kazakhstan; Department of Physical and Economical Geography, L.N. Gumilyov Eurasian National University, Astana, Kazakhstan; Faculty of Oceanography and Geography, Uniwersytet Gdański, Gdansk, Poland","Koshim, Asyma Galimzhankyzy, Al Farabi Kazakh National University, Almaty, Kazakhstan; Sergeyeva, Aigul Maksatovna, Department of Geography and Tourism, K. Zhubanov Aktobe Regional University, Aktobe, Kazakhstan; Saparov, Kuat T., Department of Physical and Economical Geography, L.N. Gumilyov Eurasian National University, Astana, Kazakhstan; Wendt, Jan A., Faculty of Oceanography and Geography, Uniwersytet Gdański, Gdansk, Poland","Many people see tourism as travelling, relaxing, getting new experiences and having a good time. However, considering it from different perspective, tourism can be developed and be related to other things. Current research is dedicated to one of the types of tourism - scientific tourism. After researching and defining the word “scientific tourism”, it has been considered as a new type of tourism. The classification of scientific tourism depends on the mission of that tourism. The result has shown that there are two types of scientific tourism: expedition and individual. The modern classification of these two types of scientific tourism is considered as introductory or educational. The research has shown that Kazakhstan has enough resources to develop scientific tourism. As an example, Baikonur Cosmodrome has been considered for future scientific and space tourism. © 2024 Elsevier B.V., All rights reserved.","Cosmodrom Baikonur; Development; Research; Scientific expeditions; Scientific tourism; Space tourism; Tourism; Types","education; tourism; tourism development; travel behavior; Baikonur; Kazakhstan","A.G. Кoshim; Al-Farabi Kazakh National University, Almaty, Al-Farabi Avenue 71, 050040, Kazakhstan; email: asima.koshim@gmail.com","","Editura Universitatii din Oradea","20651198; 20650817","","","","English","Geojournal Tour. Geosites","Article","Final","All Open Access; Gold Open Access","Scopus","2-s2.0-85064244089"
"Lyall, F.; Larsen, P.B.","Lyall, Francis (7004395124); Larsen, Paul B. (36741662900)","7004395124; 36741662900","Space Law: A Treatise: 2nd Edition","2017","","","","","1","531","0","15","10.4324/9781315610139","https://www.scopus.com/inward/record.uri?eid=2-s2.0-85042062056&doi=10.4324%2F9781315610139&partnerID=40&md5=91a8e5f9ebd90be29448035d3d0575ea","University of Aberdeen, Aberdeen, United Kingdom; Georgetown Law, Washington, D.C., United States","Lyall, Francis, University of Aberdeen, Aberdeen, United Kingdom; Larsen, Paul B., Georgetown Law, Washington, D.C., United States","Francis Lyall and Paul B. Larsen have been involved in teaching and researching space law for over 50 years. This new edition of their well-received text gathers together their knowledge and experience in readable form, and covers developments in all space applications, including space tourism, telecommunications, the ITU and finance. With an extensive citation of the literature, the discussion provides an excellent source for both students and practitioners. © 2018 Elsevier B.V., All rights reserved.","","","","","Taylor and Francis","","9781315610139; 9781317051947","","","English","Space Law: A Treatise: 2nd Ed.","Book","Final","","Scopus","2-s2.0-85042062056"
"Chang, Y.-W.","Chang, Yiwei (55841760100)","55841760100","A preliminary examination of the relationship between consumer attitude towards space travel and the development of innovative space tourism technology","2017","Current Issues in Tourism","20","14","","1431","1453","0","54","10.1080/13683500.2015.1005580","https://www.scopus.com/inward/record.uri?eid=2-s2.0-84921928451&doi=10.1080%2F13683500.2015.1005580&partnerID=40&md5=0c481e4adf5b73c9d86ae041787f72bd","Department of Tourism and Hospitality, China University of Science and Technology, Taipei, Taiwan","Chang, Yiwei, Department of Tourism and Hospitality, China University of Science and Technology, Taipei, Taiwan","With increasing global competition in service sectors, innovative technologies have radically changed the tourism industry, and to be successful innovative products/services must have clear, significant points of difference that are related to needs in the market place. Furthermore, changes in consumer perceptions that emanate from an innovation are central to its effective product and service design. Although for most of us space travel is still a faraway dream, it is in fact a future probability that will increasingly attract travellers who seek new vacation experiences, and as a result, sustain academic interest. Thus, in initiating space tourism for the purposes of recreation, leisure and knowledge enhancement, a preliminary estimation of potential global demand characteristics that are specific to consumer innovators for space travel needs to be undertaken prior to promotion of research and development. In this context, this paper investigates both consumer attitudes towards space travel by analysing the components of motivated consumer innovativeness and the interest that potential consumers have in developing space tourism technology innovations within Taiwan. Consumer innovativeness is complex and comprised four innovativeness types, namely, social, functional, hedonic and cognitive. As product/service innovation development has been relatively unexplored in the mature industry of tourism, many business managers would welcome an understanding of which vacation travellers are most likely to be the earliest buyers of such an exciting new product. With data collected from a sample of 354 Taiwanese, this research uses mediated regression to examine the influence of the four types of consumer innovativeness on consumer's attitudes and acceptance of a space tourism technology innovation, and the mediating role perceived novelty plays in the relationship. The findings indicate that only hedonic and social innovativeness are associated with improved consumer attitude and that novelty partially mediates the relationship for those two types of consumer innovativeness. The implications for theory and practice are discussed. Limitations and directions for future research are also addressed. © 2017 Elsevier B.V., All rights reserved.","mediating effect; motivated consumer innovativeness (MCI); perceived novelty; space tourism; space travel attitude","innovation; perception; public attitude; service sector; technological development; tourism; tourism development; Taiwan","Y.-W. Chang; Department of Tourism & Hospitality, China University of Science & Technology, Hsinchu County, Henshan, 31241, Taiwan; email: eva77tw917au@hotmail.com","","Routledge info@tandf.co.uk","13683500","","","","English","Curr. Issues Tour.","Article","Final","","Scopus","2-s2.0-84921928451"
"Spector, S.; Higham, J.; Doering, A.","Spector, Samuel (55233532200); Higham, J. E.S. (7004174711); Doering, Adam (57188736780)","55233532200; 7004174711; 57188736780","Beyond the biosphere: tourism, outer space, and sustainability","2017","Tourism Recreation Research","42","3","","273","283","0","40","10.1080/02508281.2017.1286062","https://www.scopus.com/inward/record.uri?eid=2-s2.0-85014763549&doi=10.1080%2F02508281.2017.1286062&partnerID=40&md5=500273c674dc981ed7ce4a6d51ddb60d","Department of Tourism, University of Otago, Dunedin, New Zealand; Norwegian School of Hotel Management, Universitetet i Stavanger, Stavanger, Norway; Center for Tourism Research, Wakayama University, Wakayama, Japan; Centre for Sustainability, University of Otago, Dunedin, New Zealand","Spector, Samuel, Department of Tourism, University of Otago, Dunedin, New Zealand, Centre for Sustainability, University of Otago, Dunedin, New Zealand; Higham, J. E.S., Department of Tourism, University of Otago, Dunedin, New Zealand, Norwegian School of Hotel Management, Universitetet i Stavanger, Stavanger, Norway; Doering, Adam, Center for Tourism Research, Wakayama University, Wakayama, Japan","Dominant sustainability discourses commonly situate Earth as the singular realm of human influence and position modern mobility as one of the primary means through which we are destroying the biosphere. The commercialisation of activities in outer space and the development of space tourism have resulted in drastically reduced launch costs, enabling an increased human presence beyond the biosphere. This paper argues that current debates concerning the relationship between tourism mobilities and sustainability are marked by increasingly untenable assumptions concerning the spatial and temporal parameters of human influence. We critique those assumptions by introducing the concept of a sustainable trajectory to examine the relationship between modern mobility and sustainability, a relationship that is being redefined by the rapidly advancing fields of commercial spaceflight and space tourism. Greater attention to space tourism and commercial spaceflights is required in order to develop a coherent, long-term conceptualisation of the implications of modern mobility for sustainability. © 2017 Elsevier B.V., All rights reserved.","commercial spaceflight; space tourism; Spaceflight; sustainability; tourism mobility","","S. Spector; Department of Tourism, University of Otago, Dunedin, New Zealand; email: samuel.spector@gmail.com","","Taylor and Francis Ltd. michael.wagreich@univie.ac.at","02508281","","","","English","Tour. Recreat. Res.","Article","Final","","Scopus","2-s2.0-85014763549"
"Cohen, E.","Cohen, Erik (7403589512)","7403589512","The paradoxes of space tourism*","2017","Tourism Recreation Research","42","1","","22","31","0","38","10.1080/02508281.2016.1239331","https://www.scopus.com/inward/record.uri?eid=2-s2.0-85014960071&doi=10.1080%2F02508281.2016.1239331&partnerID=40&md5=aaaa520669f2691a23d703c14cfe0cb4","Department of Sociology and Anthropology, Hebrew University of Jerusalem, Jerusalem, Israel","Cohen, Erik, Department of Sociology and Anthropology, Hebrew University of Jerusalem, Jerusalem, Israel","Space tourism is widely considered to be the next step in the expansion of tourism. In this article, I focus on several paradoxes inherent in the long-range development of space travel and space tourism within the scope of the wider project of human expansion in the cosmos. I discuss the future of space tourism development from a critical sociological perspective, highlighting specifically four principal paradoxes inherent in that process: (1) the limitations on human cosmic expansion; (2) the subversion of ‘adventure’ in space tourism; (3) the banalisation of the sublimity of the experience of space tourism and (4) the deflowering of the pristinity of other celestial bodies by space exploitation and tourism development. I draw some speculative conclusions regarding the prospects and limitations of the emergent direction of the future expansion of the tourism industry. © 2017 Elsevier B.V., All rights reserved.","adventure; space exploration; space industry; space tourism; Space travel; tourist experience","","E. Cohen; Department of Sociology and Social Anthropology, The Hebrew University of Jerusalem, Jerusalem, Israel; email: mserik@mscc.huji.ac.il","","Taylor and Francis Ltd. michael.wagreich@univie.ac.at","02508281","","","","English","Tour. Recreat. Res.","Article","Final","","Scopus","2-s2.0-85014960071"
"Aktamiş, H.; Acar, E.; Unal Coban, G.","Aktamiş, Hilal (36543611800); Acar, Esin (36543667300); Unal Coban, Gul Ual (36968882100)","36543611800; 36543667300; 36968882100","A summer camp experience of primary student: Let's learn astronomy, explore the space summer camp","2015","Asia-Pacific Forum on Science Learning and Teaching","16","1","1","","","0","0","","https://www.scopus.com/inward/record.uri?eid=2-s2.0-84973293877&partnerID=40&md5=c65a0f3980c1be03c13984df37a8d210","Department Kepez, Aydin Adnan Menderes University, Aydin, Turkey","Aktamiş, Hilal, Department Kepez, Aydin Adnan Menderes University, Aydin, Turkey; Acar, Esin, Department Kepez, Aydin Adnan Menderes University, Aydin, Turkey; Unal Coban, Gul Ual, Department Kepez, Aydin Adnan Menderes University, Aydin, Turkey","It is important to structure children's knowledge and arouse their interest in subjects like astronomy and space. Although we now talk of travelling to the moon, space tourism etc., knowledge about astronomy and space is limited and perceptions of these subjects do not reflect scientific reality. Primary level students often have misconceptions about nature and the universe. This study aims at raising the participating students' awareness of the concepts and themes of astronomy and space and identifying whether they are able to use the knowledge they acquire in this process in their daily lives. The participants are applied a pretest and a post-test in the form of comprehension questions about astronomy and space. Parallel to that, a semi-structured interview and Scientific Knowledge Scale was applied before and after the science camp. Moreover, at the end of the camp the students were asked to write compositions and to draw pictures for observing their skills about expressing astronomy in both written and visual data. The results are also supported by quantitative data. The obtained qualitative and quantitative data was analyzed. By the end of the activity based program, the participant students effortlessly learned about astronomy and space, and their interest on the topic increased. If enhancing students' concepts about astronomy with enjoyable instruction without exam worries is considered an important issue for teachers and other educators, science camps can be suggested to enhance other relevant and irrelevant science concepts as well. © 2016 Elsevier B.V., All rights reserved.","Astronomy; Observation; Primary school students; Science camp; Sky; Space","","H. Aktamis; Adnan Menderes University, Faculty of Education Science Education, Department Kepez, Aydin, Turkey; email: hilalaktamis@gmail.com","","Asia-Pacific Forum on Science Learning and Teaching 10 Lo Ping Road Tai Po NT","16094913","","","","English","Asia-Pac. Forum Sci. Learn. Teach.","Article","Final","","Scopus","2-s2.0-84973293877"
"Peeters, W.","Peeters, Walter A.R. (16317171400)","16317171400","A Roadmap for Suborbital Commercial Passenger Spaceflight","2013","New Space","1","2","","81","90","0","3","10.1089/space.2013.0010","https://www.scopus.com/inward/record.uri?eid=2-s2.0-85018881327&doi=10.1089%2Fspace.2013.0010&partnerID=40&md5=d4ba70af2660e5615f547e3faaef4616","Parc d'Innovation, ISU International Space University, Illkirch-Graffenstaden, France","Peeters, Walter A.R., Parc d'Innovation, ISU International Space University, Illkirch-Graffenstaden, France","If we consider space tourism as a first step toward regular passenger space transport, it is important to evaluate from the start onward the systematic steps that will lead to such new commercial endeavors based upon product-life-cycle concepts. To build up reliability and technological readiness, a four-step approach is suggested. In parallel with commercial air transportation, space tourism is considered as a first step. Payload transfer, using similar suborbital vehicles, seems a natural extension as a second step. For the third step, cargo transport on a point-to-point (P2P) basis is assumed to be a logical extension. Finally, on the basis of the acquired experience, commercial P2P transport of passengers is considered as the fourth step. This, in parallel with air transport, is considered to lead to a new economic sector. To illustrate this possible evolution, a related timeline is suggested in this article. © 2017 Elsevier B.V., All rights reserved.","","","W. Peeters; International Institute of Space Commerce, Douglas Isle of Man, International Space University, Parc D'Innovation, Illkirch, 1, rue J.D. Cassini, F67400, France; email: peeters@isu.isunet.edu","","Mary Ann Liebert Inc. info@liebertpub.com","21680264; 21680256","","","","English","New Space","Article","Final","","Scopus","2-s2.0-85018881327"
"Gartner, W.C.; Mihalic, T.","Gartner, William C. (7006584471); Mihalic, Tanja (6505769874)","7006584471; 6505769874","Introduction to tourism development - issues and challenges","2013","","","","","3","11","0","1","","https://www.scopus.com/inward/record.uri?eid=2-s2.0-84892109122&partnerID=40&md5=5096845262a222472a685e6621e5c9c3","Department of Applied Economics, University of Minnesota Twin Cities, Minneapolis, United States; Faculty of Economics, Univerza v Ljubljani, Ljubljana, Slovenia","Gartner, William C., Department of Applied Economics, University of Minnesota Twin Cities, Minneapolis, United States; Mihalic, Tanja, Faculty of Economics, Univerza v Ljubljani, Ljubljana, Slovenia","Tourism development is an elusive term which means different things to different people. In this book four separate sections attempt to cover an array of tourism development issues. After the ''Introduction'' (section 1), section 2 ''Tourism development - System and Trends'' informs the reader how the system is structured and what are the trends affecting tourism development including where we are headed, what are the new tourism markets, and what new tourist types are appearing as a force to be considered. The next book section ''New ventures in Tourism Development'' discusses how climatology and climate change relate to tourism, how web based geographic information services (WebGIS) are changing tourism and what kind of new growth opportunities space tourism will bring. Then, the last book section on ''Tourism Development Case Studies'' examines particular issues in depth; from community development to stakeholder conflicts in Europe, Africa and Latin America; from the birth of hotel development in China to regeneration of old destinations in Spain, as well as from image and political instability in Central African countries to sport tourism development in British Columbia.This book is intended to give the reader some insights into new paradigms, new issues, and old problems that are affecting the quality of life for host communities and the experiential nature of tourism. It is our hope that those directly involved in tourism development will be able to use this book for new ideas, issue avoidance, and new approaches to the problem of how do we make money yet protect our environment and culture. This, as the reader recognizes, is the sustainability argument. In this book insights into how to develop in a more sustainable manner are part of the offering. © 2013 by Nova Science Publishers, Inc. All rights reserved. © 2014 Elsevier B.V., All rights reserved.","","","W.C. Gartner; Department of Applied Economics, University of Minnesota, Saint Paul, MN, 55108, 248b Classroom Office Building, 1994 Buford Avenue, United States; email: wcg@umn.edu","","Nova Science Publishers, Inc.","","9781622573042","","","English","Tourism and Dev. - Issues and Chall.","Editorial","Final","","Scopus","2-s2.0-84892109122"
"Webber, D.","Webber, Derek (15133734400)","15133734400","Tourism's latest sector - private spaceflight","2013","","","","","163","184","0","0","","https://www.scopus.com/inward/record.uri?eid=2-s2.0-84892006022&partnerID=40&md5=2509ff9581d05a6da173657c4169e75f","Spaceport Associates, Bethesda, United States","Webber, Derek, Spaceport Associates, Bethesda, United States","Space Tourism is unlikely to become a major part of the overall tourism business, at least in the next twenty years, but it does nevertheless represent a niche sector which will see considerable growth opportunities over that period.The chapter introduces this most literal of high-end tourist destinations. It provides a consolidation of available market data about the potential demand for these space tourism opportunities, documents the full spectrum of possibilities for space-based tourism, makes comparisons with existing types of Earth-based tourism businesses, and provides information on a range of companies associated with the existing and future space tourism sector.The market data provided includes demand forecasts (including price elasticity information), and also covers motivations and expectations of the potential space tourists.Also addressed are the anticipated wealth demographics of the first space tourists. There is an explanation of the various elements of infrastructure that are necessary to make this development possible, with a focus on the terrestrial spaceports, both existing and planned, at various points around the world to support the emergence and development of the new industry sector.The chapter ends with a discussion of the issues and challenges that must be addressed in order for the business of space tourism to succeed. It is expected that sub-orbital space tourism will commence in around 2013.The number of new people entering space in the first year of sub-orbital space tourism operations will exceed the total number of astronauts flown in the first fifty years of human spaceflight. Prices will start around US$100,000 and can be expected to drop in subsequent years as the operators begin to assemble the experience of flying regularly into space. © 2013 by Nova Science Publishers, Inc. All rights reserved. © 2014 Elsevier B.V., All rights reserved.","","","D. Webber; Spaceport Associates, Bethesda, MD. 20817, 5909 Rolston Road, United States; email: DWspace@aol.com","","Nova Science Publishers, Inc.","","9781622573042","","","English","Tourism and Dev. - Issues and Chall.","Book chapter","Final","","Scopus","2-s2.0-84892006022"
"Ingle, M.","Ingle, Mark (15750366500)","15750366500","The Copernican shift in space tourism and its implications for tourism in the Great Karoo","2011","South African Geographical Journal","93","1","","104","118","0","7","10.1080/03736245.2011.561543","https://www.scopus.com/inward/record.uri?eid=2-s2.0-79957790154&doi=10.1080%2F03736245.2011.561543&partnerID=40&md5=3643790f5a19754e468bbce2d0d1f723","Centre for Development Support, University of the Free State, Bloemfontein, South Africa","Ingle, Mark, Centre for Development Support, University of the Free State, Bloemfontein, South Africa","With the widely anticipated launch of commercial suborbital space travel in the near future, space tourism is finally set to come into its own after decades of frustration. This article outlines the history of space tourism and describes how suborbital space travel differs from conventional space exploration. A key distinction is made between a space industry funded primarily by the public sector, and an industry that derives its revenues from the tourism-driven 'space experience economy'. Recent legislation in the USA has paved the way for a space economy which is answerable to the dictates of private enterprise - hence the 'Copernican shift' in how space tourism is being conceptualised. The erosion of the hegemony exerted by traditional space industry players, such as NASA, has encouraged many high-profile private entrepreneurs to invest heavily in what amounts to a new space race - namely that of being first to market with a viable, safe, suborbital space tourism offering. One of the concomitants of the shift is the number of spaceports that is being constructed worldwide. This article argues that it is inevitable that southern Africa will come to require a custom-built spaceport and that the Great Karoo is ideally endowed to host such a facility. This should profoundly affect the development of tourism in the arid interior and holds out encouraging possibilities for socio-economic upliftment in the region. © 2011 Society of South African Geographers. © 2011 Elsevier B.V., All rights reserved.","Karoo; space tourism; spaceport; suborbital space flight; Virgin Galactic","conceptual framework; erosion; hegemony; legislation; public sector; tourism; Great Karoo; Karoo; Nama Karoo; South Africa","M. Ingle; Centre for Development Support, University of the Free State, Bloemfontein, South Africa; email: vdpost2002@yahoo.com","","","21512418; 03736245","","","","English","S. Afr. Geogr. J.","Article","Final","","Scopus","2-s2.0-79957790154"
"Crowther, R.","Crowther, Richard (7103082495)","7103082495","The regulatory challenges of ensuring commercial human spaceflight safety","2011","Space Policy","27","2","","74","76","0","14","10.1016/j.spacepol.2011.04.011","https://www.scopus.com/inward/record.uri?eid=2-s2.0-79959532939&doi=10.1016%2Fj.spacepol.2011.04.011&partnerID=40&md5=813378dcb4afa1c932957dbc633d7d07","UK Space Agency, Swindon, United Kingdom","Crowther, Richard, UK Space Agency, Swindon, United Kingdom","Space tourism is the term commonly used to refer to ordinary members of the public buying tickets to travel to space and back, but has recently become more broadly associated with "" any commercial activity offering customers direct or indirect experience with space travel"" The nascent commercial human spaceflight market presents a challenge to regulators with regard to the potential certification and licensing of the flight vehicles and their use (both within and outside the atmosphere), from the perspective of the operator, the flight participants, and third parties who might be affected by the operations. The UK is currently reviewing the issues posed by this emerging sector and its licensing/certification authorities are considering how best to balance their statutory responsibilities with the need to facilitate the development of this new industry and the favour positioning of UK players, eliminating unnecessary regulatory barriers to participation. © 2011. © 2022 Elsevier B.V., All rights reserved.","","","R. Crowther; UK Space Agency, Swindon, Wiltshire SN2 1SZ, Polaris House, North Star Avenue, United Kingdom; email: richard.crowther@stfc.ac.uk","","Elsevier Ltd","1879338X; 02659646","","SPCPE","","English","Space Policy","Article","Final","","Scopus","2-s2.0-79959532939"
"Cater, C.","Cater, Carl Iain (10440261100)","10440261100","Steps to Space; opportunities for astrotourism","2010","Tourism Management","31","6","","838","845","0","53","10.1016/j.tourman.2009.09.001","https://www.scopus.com/inward/record.uri?eid=2-s2.0-77955426976&doi=10.1016%2Fj.tourman.2009.09.001&partnerID=40&md5=e8fbf946d92384c0e1e1e8c993231d65","Institute of Biological, Environmental and Rural Sciences, Aberystwyth, United Kingdom","Cater, Carl Iain, Institute of Biological, Environmental and Rural Sciences, Aberystwyth, United Kingdom","Recent years have seen the emergence of the astrotourist following the $20 million trip by Dennis Tito to the International Space Station (ISS) in 2001. Although this is the preserve of the hyper-elite, within the next decade it is likely that there will be more affordable opportunities on sub-orbital reusable vehicles pioneered by the Virgin group. This paper offers an overview of recent developments in the space tourism industry as a whole and offers definitions for the new sector of astrotourism. Drawing on motivational theory, the study examines the motivations and experiences that astrotourists have demonstrated through interviews reported through the media. However, parallels are demonstrated with the existing terrestrial space tourism industry, which has been largely ignored to date. Consequently the paper also examines the management of these sites and the challenges this niche presents. There is also evidence of a travel career being marketed by space tourism travel agents, dubbed by one interviewee as '. steps to space'. This builds on potential tourists' existing aspirations for space experiences allied to these companies' credentials in adventure tourism. Whilst sharing parallels to the work of Pearce (1982), the focus of this career on one particular theme is of interest. This theoretical bridging is useful for observing tourism organisations at work, and furthermore uncovers the massive potential that developments in space tourism present for the tourism industry as a whole. © 2009 Elsevier Ltd. © 2021 Elsevier B.V., All rights reserved.","Astrotourism; History of travel; Motivation; Space tourism","space technology; tourism development; tourism management; travel demand","C.I. Cater; Institute of Biological, Environmental and Rural Sciences, Aberystwyth University, Llanbadarn, Aberystwyth, Ceredigion, SY23 3AL, United Kingdom; email: cic@aber.ac.uk","","Elsevier Ltd","18793193; 02615177","","","","English","Tour. Manage.","Article","Final","","Scopus","2-s2.0-77955426976"
"Goehlieh, R.A.","Goehlieh, Robert A. (55979796300)","55979796300","Make-or-buy decisions in aerospace organizations: Essays on strategic efficiency improvements","2009","","","","","1","117","0","0","10.1007/978-3-8349-9479-0","https://www.scopus.com/inward/record.uri?eid=2-s2.0-84891406678&doi=10.1007%2F978-3-8349-9479-0&partnerID=40&md5=d6329e994a499697ec4692680a78e73b","","Goehlieh, Robert A., ","Today's organizations suffer from inefficiencies that may be rooted in corporate governance, political or individual issues, or globalization. Robert A. Goehlich focuses on the strategic aspects of decision-making within aerospace organizations, concentrating on the make-or-buy decision in order to examine organizational efficiencies. He develops a decision-supporting process, that handles approximately 50 propositions of make-or-buy decisions, systematically connected to strategic objectives, and organizational, product and environmental characteristics. The strength of this process lies in its ability to cover the entire spectrum of make-or-buy (the continuum from in-house to buy-off-the-shelf) in order to support decision-makers with holistic recommendations. This process allows one to determine the kind of organizational architecture that is best suited to a specified activity. The resulting computerized tool is applied to four case studies taken from the aerospace sector: (A) copy machine usage (as a reference), (B) aircraft final assembly production, (C) satellite rocket launch operation and (D) space tourism rocket development. In three of the four cases, the make-or-buy decision that is recommended by the tool mirrors instinctual, experience-based conclusions. Inhalt Economic Characteristics of Aerospace Organizations; Outsourcing Strategies in Europe, USA and Japan: A Case of Space Organizations; Development of a Make-or-Buy Decision-supporting Process Zielgruppe Researchers and students in economics fields, particularly supply chains, logistics and corporate governance Practitioners in supply chain and corporate governance management, and consulting companies. © Gabler | GV'N Fachverlage GmbH, Wiesbaden 2009. All rights reserved. © 2014 Elsevier B.V., All rights reserved.","","","","","Springer Gabler","","9783834915306","","","English","Make-or-Buy Decisions in Aerosp. Org.: Essays on Strat. Efficiency Improvements","Book","Final","","Scopus","2-s2.0-84891406678"
"Prideaux, B.; Singer, P.","Prideaux, Bruce Richard (6603347942); Singer, Petra (57190400463)","6603347942; 57190400463","Space tourism - A future dream or a cyber-tourism reality?","2005","Tourism Recreation Research","30","3","","27","35","0","13","10.1080/02508281.2005.11081484","https://www.scopus.com/inward/record.uri?eid=2-s2.0-78751523951&doi=10.1080%2F02508281.2005.11081484&partnerID=40&md5=a5f897bf0375f11baef53e0b0890b6fd","School of Business, James Cook University, Townsville, Australia; The University of Queensland Business School, Brisbane, Australia","Prideaux, Bruce Richard, School of Business, James Cook University, Townsville, Australia; Singer, Petra, The University of Queensland Business School, Brisbane, Australia","Space is viewed by many as the next frontier and the next boundary to be crossed. This view, popularized in cinema and by science fiction writers, was recently reinforced by the successful suborbital flight of the privately owned SpaceShipOne. But is this view based on substance; will space become the new mass tourism experience of the 21st Century? In time this might be the case but as this paper argues the cost of travel is likely to be so high that nonphysical travel based on cyber experiences is a strong possibility. This paper uses scenarios as a method to investigate the possibility of both physical and cyber-travel into space in the future. © 2016 Elsevier B.V., All rights reserved.","Cyber-tourism; Cyber-travel; Knowledge diffusion; Scenarios; Space tourism","","","","Taylor and Francis Ltd. michael.wagreich@univie.ac.at","02508281","","","","English","Tour. Recreat. Res.","Article","Final","","Scopus","2-s2.0-78751523951"
"Brown, F.","Brown, Frances (16244135400)","16244135400","The final frontier? Tourism in space","2004","Tourism Recreation Research","29","1","","37","43","0","6","10.1080/02508281.2004.11081429","https://www.scopus.com/inward/record.uri?eid=2-s2.0-84979752746&doi=10.1080%2F02508281.2004.11081429&partnerID=40&md5=2ddb926be1814921485e1ad5e2fc49aa","Space Policy, United Kingdom","Brown, Frances, Space Policy, United Kingdom","Two albeit brief visits to the International Space Station by private citizens have brought the concept of space tourism closer to becoming a real and commercial possibility. The large numbers of people who visit space-related attractions or who ‘consume’ outer space via cinema and TV, and the smaller, but not inconsiderable, number who have actually signed up for future space trips, suggest that there is a viable market for rocket-powered (sub)orbital flight and, in the longer term, visits to orbiting ‘hotels’. This paper explores the potential new phenomenon of space tourism and how far it is likely to differ from terrestrial tourism. It argues that the similarities-in terms of tourists’ motivations, the trend for niche and adventure travel, impacts and tourism’s propensity both to influence and be influenced by external actions-are much greater than the differences. It discusses the space-regulatory regime of which tourism will need to become part and suggests further parallels as well as differences. The paper also investigates the agenda of those driving the space tourism industry through such individuals’ own writings and argues that it is based more on dreams of colonizing outer space U1an on providing a new experience for tourists. © 2016 Elsevier B.V., All rights reserved.","Adventure tourism; Colonizing outer space; Space tourism; Space-regulatory regime; Tourist motivation","","F. Brown; Space Policy, Maidens, Ayrshire, Seabank, 3 Turnberry Road, KA26 9NN, United Kingdom; email: fbrown.seabank@virgin.net","","Taylor and Francis Ltd. michael.wagreich@univie.ac.at","02508281","","","","English","Tour. Recreat. Res.","Article","Final","","Scopus","2-s2.0-84979752746"
"Sánchez Martínez, J.D.; Araque Jiménez, E.","Sánchez Martínez, José Domingo (6602881383); Araque Jiménez, Eduardo (15070519700)","6602881383; 15070519700","Evolution of the established rules in managgement of protected spaces: Tourism in the natural park of Cazorla, Segura and Las Villas. Towards sustainability?; La evolución de los planteamientos normativos en la gestión de espacios protegidos: El turismo en el parque natural sierras de Cazorla, Segura y las villas, θ?hacia la sostenibilidad?1","2000","Cuadernos Geograficos","","30","","399","414","0","2","","https://www.scopus.com/inward/record.uri?eid=2-s2.0-0034424803&partnerID=40&md5=92b86f8444b116bb163ad4f5b6a4692f","Área de Análisis Geográfico Regional, Universidad de Jaén, Jaen, Spain","Sánchez Martínez, José Domingo, Área de Análisis Geográfico Regional, Universidad de Jaén, Jaen, Spain; Araque Jiménez, Eduardo, Área de Análisis Geográfico Regional, Universidad de Jaén, Jaen, Spain","Taking as a starting point the analysis of the most important legal documents for the management of this Natural Park, we reflect upon the possible opening of a new turistic phase, bound to the principles of sustainable development. © 2023 Elsevier B.V., All rights reserved.","Natural Park Sierras de Cazorla; Natural tourism; Segura y las villas; Sustainable development","national park; park management; sustainable development; tourism development; Spain","J.D. Sánchez Martínez; Area de Analisis Geografico Regional, Universidad de Jaén, Jaen 23071, Paraje Las Lagunillas s/n, Spain; email: jdsanche@ujaen.es","","University of Granada","02105462; 23400129","","","","Spanish","Cuad. Geogr.","Article","Final","","Scopus","2-s2.0-0034424803"
